FILE	טבלאות עזר.xlsx	BYTES	99082
SHEET	מה צריך להיות- מערכת	ROWS	1	COLS	1	HEADER_ROW	47	DATA_ROWS	0
HEADERS	בלי חודשי דיווח וקבועי מערכת
SHEET	מסכם טבלאות עזר	ROWS	477	COLS	14	HEADER_ROW	2	DATA_ROWS	475
HEADERS	מס	מחוז	יישוב	תוכנית חינוכית	תחום	נושא 1	נושא 2	קיום דיון	מסקנות כיתה	מסקנות מסגרת חינוכית	יישוב/מחוז/ארצי	שכבה	כיתה	הערות
SAMPLE	3		ארצי		אור בגנים	רווחה וקהילה	אבחון מערכת שח"ר במסגרת החינוכית ואיתור מוקדי ההדרכה	אבחון מערכת שח"ר במסגרת החינוכית ואיתור מוקדי ההדרכה	דיון עם  צוות ההוראה	התאמת תוכנית כיתתית	התאמת התוכנית לבית הספר	תאום עם תוכניות קיימות	חובה	1	
SAMPLE	4		דרום		אמ"ת	מניעת נשירה	אבחון מערכת שח"ר במסגרת היישובית ואיתור מוקדי ההדרכה	אבחון מערכת שח"ר במסגרת היישובית ואיתור מוקדי ההדרכה	דיון עם יועץ	התאמת תוכנית חברתית	הכשרת/התאמת צוותי הוראה	התאמת צוותי היגוי למשימה	א	2	
SAMPLE	5		התיישבותי		במה לאומנויות	מוסדי	איסוף וניתוח נתונים לצורך שיפור תהליכי הוראה ולמידה	איסוף וניתוח נתונים לצורך שיפור תהליכי הוראה ולמידה	דיון עם מורה	התאמת תוכנית טיפולית	התאמת מערכת שעות לתוכנית	העצמת צוותי הוראה למשימה	ב	3	
SAMPLE	6		חיפה		חינוך טכנולוגי על תיכוני	מסגרות ייחודיות	איתור גורמים בית ספריים/יישובים בעלי מענה לצרכי התוכנית	איתור גורמים בית ספריים/יישובים בעלי מענה לצרכי התוכנית	דיון עם מורה/ מגיד שיעור	התאמת אוכלוסית היעד	ועדת קבלה לילדים	גיבוש צוותים רב מקצועיים	ג	4	
SAMPLE	7		חרדי		חסות הנוער	ביקור סדיר	איתור גורמים בית ספריים/יישובים בעלי מענה לצרכי כיתות שח"ר	איתור גורמים בית ספריים/יישובים בעלי מענה לצרכי כיתות שח"ר	דיון עם מנהל בית הספר	ניצול שעות נכון	הגדלת תקציב	הנחיית צוותים	ד	5	
SHEET	תוכנית	ROWS	19	COLS	2	HEADER_ROW	4	DATA_ROWS	17
HEADERS	מס	שם התוכנית
SAMPLE	5	1	תוכנית חינוך טכנולגי
SAMPLE	6	2	תוכנית כנפי רוח
SAMPLE	7	3	תוכנית מחטים, קידום נוער ומרכזי נוער
SAMPLE	8	4	תוכנית מניעת נשירה- ג'סר א זרקה
SAMPLE	9	5	תוכנית עוגנים ישובים רווחה ושיקום
SHEET	מחוזות	ROWS	10	COLS	1	HEADER_ROW	1	DATA_ROWS	9
HEADERS	מחוז
SAMPLE	2	ארצי
SAMPLE	3	דרום
SAMPLE	4	התיישבותי
SAMPLE	5	חיפה
SAMPLE	6	חרדי
SHEET	תוכנית חינוכית	ROWS	58	COLS	1	HEADER_ROW	1	DATA_ROWS	57
HEADERS	תוכנית חינוכית
SAMPLE	2	אור בגנים
SAMPLE	3	אמ"ת
SAMPLE	4	במה לאומנויות
SAMPLE	5	חינוך טכנולוגי על תיכוני
SAMPLE	6	חסות הנוער
SHEET	תחום	ROWS	6	COLS	1	HEADER_ROW	1	DATA_ROWS	5
HEADERS	תחום
SAMPLE	2	רווחה וקהילה
SAMPLE	3	מניעת נשירה
SAMPLE	4	מוסדי
SAMPLE	5	מסגרות ייחודיות
SAMPLE	6	ביקור סדיר
SHEET	נושאים	ROWS	476	COLS	1	HEADER_ROW	1	DATA_ROWS	475
HEADERS	נושא 1
SAMPLE	2	אבחון מערכת שח"ר במסגרת החינוכית ואיתור מוקדי ההדרכה
SAMPLE	3	אבחון מערכת שח"ר במסגרת היישובית ואיתור מוקדי ההדרכה
SAMPLE	4	איסוף וניתוח נתונים לצורך שיפור תהליכי הוראה ולמידה
SAMPLE	5	איתור גורמים בית ספריים/יישובים בעלי מענה לצרכי התוכנית
SAMPLE	6	איתור גורמים בית ספריים/יישובים בעלי מענה לצרכי כיתות שח"ר
SHEET	קיום דיון	ROWS	16	COLS	1	HEADER_ROW	1	DATA_ROWS	15
HEADERS	קיום דיון
SAMPLE	2	דיון עם  צוות ההוראה
SAMPLE	3	דיון עם יועץ
SAMPLE	4	דיון עם מורה
SAMPLE	5	דיון עם מורה/ מגיד שיעור
SAMPLE	6	דיון עם מנהל בית הספר
SHEET	מסקנות כיתה	ROWS	15	COLS	1	HEADER_ROW	1	DATA_ROWS	14
HEADERS	מסקנות כיתה
SAMPLE	2	התאמת תוכנית כיתתית
SAMPLE	3	התאמת תוכנית חברתית
SAMPLE	4	התאמת תוכנית טיפולית
SAMPLE	5	התאמת אוכלוסית היעד
SAMPLE	6	ניצול שעות נכון
SHEET	מסקנות מסגרת חינוכית	ROWS	15	COLS	1	HEADER_ROW	1	DATA_ROWS	14
HEADERS	מסקנות מסגרת חינוכית
SAMPLE	2	התאמת התוכנית לבית הספר
SAMPLE	3	הכשרת/התאמת צוותי הוראה
SAMPLE	4	התאמת מערכת שעות לתוכנית
SAMPLE	5	ועדת קבלה לילדים
SAMPLE	6	הגדלת תקציב
SHEET	יישוב-מחוז-ארצי	ROWS	18	COLS	1	HEADER_ROW	1	DATA_ROWS	17
HEADERS	יישוב/מחוז/ארצי
SAMPLE	2	תאום עם תוכניות קיימות
SAMPLE	3	התאמת צוותי היגוי למשימה
SAMPLE	4	העצמת צוותי הוראה למשימה
SAMPLE	5	גיבוש צוותים רב מקצועיים
SAMPLE	6	הנחיית צוותים
SHEET	שכבה	ROWS	18	COLS	1	HEADER_ROW	1	DATA_ROWS	17
HEADERS	שכבה
SAMPLE	2	חובה
SAMPLE	3	א
SAMPLE	4	ב
SAMPLE	5	ג
SAMPLE	6	ד
SHEET	כיתה	ROWS	16	COLS	1	HEADER_ROW	1	DATA_ROWS	15
HEADERS	כיתה
SAMPLE	2	1
SAMPLE	3	2
SAMPLE	4	3
SAMPLE	5	4
SAMPLE	6	5
FILE	‏‏‏‏‏‏‏‏קובץ נתוני עובדים מערכת חדשה-  חינוך טכנולוגי.xlsx	BYTES	50552
SHEET	חינוך טכנולוגי	ROWS	9	COLS	24	HEADER_ROW	2	DATA_ROWS	7
HEADERS	מס"ד	ת.ז	קוד עובד	שם פרטי	שם משפחה	זכר/נקבה	יום מנוחה	תאריך לידה	טלפון	מייל	עובד מדווח כן / לא	תפקיד	אפשר דיווח עתידי כן / לא	הרשאות	סטטוס	פרוייקט	תוכנית	מחוז	מגזר	היקף שעות העסקה חודשי	היקף שעות העסקה שנתי	היקף העסקה יומי עד  9 שעות/ ללא הגבלה	משך תפוקה	סיווג דיווח
SAMPLE	3	1	69213106	9082	אווה	זוהר	נ	שבת	1963-07-26	050-590-2002	evazohar635@gmail.com	כן	מנחה	לא	עובד	פעיל	חינוך ילדים ונוער בסיכון	חינוך טכנולגי	ארצי	יהודי	146	1752	עד 9 שעות	0.5, 1, 1.5, 2, 2.5	ארצי מחוזי
SAMPLE	4	2	51682912	9083	דב	פרידמן	ז	שבת	1953-03-15	054-947-8451	meirafri1@walla.com	כן	מנחה	לא	עובד	פעיל	חינוך ילדים ונוער בסיכון	חינוך טכנולגי	ארצי	יהודי	37	444	עד 9 שעות	0.5, 1, 1.5, 2, 2.5	ארצי מחוזי
SAMPLE	5	3	67246843	9094	אבי	בן דוד	ז	שבת	1945-03-31	052-2652546	ginaavi@hotmail.com	כן	מנחה	לא	עובד	פעיל	חינוך ילדים ונוער בסיכון	חינוך טכנולגי	ארצי	יהודי	182	2184	עד 9 שעות	0.5, 1, 1.5, 2, 2.5	ארצי מחוזי
SAMPLE	6	4	13877337	9095	אוריאל	בן שבת	ז	שבת	1956-03-17	054-4917696	ouriben@gmail.com	כן	מנחה	לא	עובד	פעיל	חינוך ילדים ונוער בסיכון	חינוך טכנולגי	ארצי	יהודי	110	1320	עד 9 שעות	0.5, 1, 1.5, 2, 2.5	ארצי מחוזי
SAMPLE	7	5	56540503	9099	אורלי	וייסמן	נ	שבת	1960-06-19	052-220-9669	orly.weisman@gmail.com	כן	מנחה	לא	עובד	פעיל	חינוך ילדים ונוער בסיכון	חינוך טכנולגי	ארצי	יהודי	73	876	עד 9 שעות	0.5, 1, 1.5, 2, 2.5	ארצי מחוזי
SHEET	חינוך טכנולוגי- מאגר עובדים	ROWS	9	COLS	15	HEADER_ROW	2	DATA_ROWS	7
HEADERS	מס"ד	ת.ז	קוד עובד	שם פרטי	שם משפחה	זכר/נקבה	יום מנוחה	תאריך לידה	טלפון	מייל	עובד מדווח כן / לא	תפקיד	אפשר דיווח עתידי כן / לא	הרשאות	סטטוס
SAMPLE	3	1	69213106	9082	אווה	זוהר	נ	שבת	1963-07-26	050-590-2002	evazohar635@gmail.com	כן	מנחה	לא	עובד	פעיל
SAMPLE	4	2	51682912	9083	דב	פרידמן	ז	שבת	1953-03-15	054-947-8451	meirafri1@walla.com	כן	מנחה	לא	עובד	פעיל
SAMPLE	5	3	67246843	9094	אבי	בן דוד	ז	שבת	1945-03-31	052-2652546	ginaavi@hotmail.com	כן	מנחה	לא	עובד	פעיל
SAMPLE	6	4	13877337	9095	אוריאל	בן שבת	ז	שבת	1956-03-17	054-4917696	ouriben@gmail.com	כן	מנחה	לא	עובד	פעיל
SAMPLE	7	5	56540503	9099	אורלי	וייסמן	נ	שבת	1960-06-19	052-220-9669	orly.weisman@gmail.com	כן	מנחה	לא	עובד	פעיל
SHEET	חינוך טכנולוגי- הקצאות	ROWS	8	COLS	14	HEADER_ROW	1	DATA_ROWS	7
HEADERS	מס"ד	ת.ז	קוד עובד	שם פרטי	שם משפחה	פרוייקט	תוכנית	מחוז	מגזר	היקף שעות העסקה חודשי	היקף שעות העסקה שנתי	היקף העסקה יומי עד  9 שעות/ ללא הגבלה	משך תפוקה	סיווג דיווח
SAMPLE	2	1	69213106	9082	אווה	זוהר	חינוך ילדים ונוער בסיכון	חינוך טכנולגי	ארצי	יהודי	146	1752	עד 9 שעות	0.5, 1, 1.5, 2, 2.5	ארצי מחוזי
SAMPLE	3	2	51682912	9083	דב	פרידמן	חינוך ילדים ונוער בסיכון	חינוך טכנולגי	ארצי	יהודי	37	444	עד 9 שעות	0.5, 1, 1.5, 2, 2.5	ארצי מחוזי
SAMPLE	4	3	67246843	9094	אבי	בן דוד	חינוך ילדים ונוער בסיכון	חינוך טכנולגי	ארצי	יהודי	182	2184	עד 9 שעות	0.5, 1, 1.5, 2, 2.5	ארצי מחוזי
SAMPLE	5	4	13877337	9095	אוריאל	בן שבת	חינוך ילדים ונוער בסיכון	חינוך טכנולגי	ארצי	יהודי	110	1320	עד 9 שעות	0.5, 1, 1.5, 2, 2.5	ארצי מחוזי
SAMPLE	6	5	56540503	9099	אורלי	וייסמן	חינוך ילדים ונוער בסיכון	חינוך טכנולגי	ארצי	יהודי	73	876	עד 9 שעות	0.5, 1, 1.5, 2, 2.5	ארצי מחוזי
SHEET	חיוך טכנולוגי ערכי טבלאות עזר	ROWS	192	COLS	12	HEADER_ROW	1	DATA_ROWS	191
HEADERS	יישוב	שם המסגרת חינוכית	תוכנית	תחום	נושא 1	נושא 2	קיום דיון	כיתה	מסגרת חינוכית	יישוב/מחוז/ארצי	שכבה	כיתה
SAMPLE	2			חינוך טכנולוגי על תיכוני	מוסדי	אבחון מערכת שח"ר במסגרת החינוכית ואיתור מוקדי ההדרכה	אבחון מערכת שח"ר במסגרת החינוכית ואיתור מוקדי ההדרכה	דיון עם מנהל בית הספר	התאמת תוכנית כיתתית	התאמת התוכנית לבית הספר	תאום עם תוכניות קיימות	חובה	1
SAMPLE	3				מסגרות ייחודיות	איתור גורמים בית ספריים/יישובים בעלי מענה לצרכי כיתות שח"ר	איתור גורמים בית ספריים/יישובים בעלי מענה לצרכי כיתות שח"ר	דיון עם מרכז התוכנית	התאמת תוכנית חברתית	הכשרת/התאמת צוותי הוראה	התאמת צוותי היגוי למשימה	א	2
SAMPLE	4					בניית תוכנית הנחייה- העצמה ופיתוח אישי	בניית תוכנית הנחייה- העצמה ופיתוח אישי	דיון עם  צוות ההוראה	התאמת תוכנית טיפולית	התאמת מערכת שעות לתוכנית	העצמת צוותי הוראה למשימה	ב	3
SAMPLE	5					בניית תוכנית הנחייה- מיומנויות למידה	בניית תוכנית הנחייה- מיומנויות למידה	דיון עם צוות ההדרכה	התאמת אוכלוסית היעד	ועדת קבלה לילדים	גיבוש צוותים רב מקצועיים	ג	4
SAMPLE	6					בניית תוכנית הנחייה- פדגוגיה טיפולית	בניית תוכנית הנחייה- פדגוגיה טיפולית	דיון עם צוות היגוי	ניצול שעות נכון	הגדלת תקציב	הנחיית צוותים	ד	5
SHEET	מסגרות לכל  עובדי	ROWS	162	COLS	7	HEADER_ROW	1	DATA_ROWS	161
HEADERS	סמל מוסד	שם הישוב	מסגרת חינוכית	מחוז	מגזר	סוג חינוך	שלב חינוך
SAMPLE	2	570200	גבעתיים	אורט טכניקום גבעתיים	תל אביב	יהודי	רגיל	חט"ע
SAMPLE	3	640664	אופקים	נווה יוכבד - אופקים	דרום	יהודי	רגיל	חט"ע
SAMPLE	4	270033	עכו	עתיד קציני ים	צפון	יהודי	רגיל	חט"ע
SAMPLE	5	660092	אשקלון	אורט אדיבי אשקלון	דרום	יהודי	רגיל	חט"ע
SAMPLE	6	570713	בת ים	אורט מלטון	תל אביב	יהודי	רגיל	חט"ב,חט"ע
FILE	‏‏‏‏‏‏קובץ נתוני עובדים מערכת חדשה-  כיתות שחר.xlsx	BYTES	181925
SHEET	כיתות שחר	ROWS	31	COLS	24	HEADER_ROW	2	DATA_ROWS	29
HEADERS	מס"ד	ת.ז	קוד עובד	שם פרטי	שם משפחה	זכר/נקבה	יום מנוחה	תאריך לידה	טלפון	מייל	עובד מדווח כן / לא	תפקיד	אפשר דיווח עתידי כן / לא	הרשאות	סטטוס	פרוייקט	תוכנית	מחוז	מגזר	היקף שעות העסקה חודשי	היקף שעות העסקה שנתי	היקף העסקה יומי עד  9 שעות/ ללא הגבלה	משך תפוקה	סיווג דיווח
SAMPLE	3	1	55653034	696	אורנה	אהרוני	נ	שבת	1959-04-10	050-3078070	shahardarom10@gmail.com	כן	מנחה	לא	עובד	פעיל	חינוך ילדים ונוער בסיכון	תוכנית מנחי כיתות שח"ר	דרום	יהודי	182	2184	עד 9 שעות	0.5, 1, 1.5, 2	ארצי מחוזי
SAMPLE	4	2	71820062	2454	יפה	פיינר	נ	שבת	1951-01-17	0528-227481	yaffaf75@gmail.com	כן	מנחה	לא	עובד	פעיל	חינוך ילדים ונוער בסיכון	תוכנית מנחי כיתות שח"ר	ארצי	יהודי	95	1140	עד 9 שעות	0.5, 1, 1.5, 2	ארצי מחוזי
SAMPLE	5	3	3163581	5945	יעקב	עצמוני	ז	שבת	1946-08-08	054-6667809	azmoni@gmail.com	כן	מנחה	לא	עובד	פעיל	חינוך ילדים ונוער בסיכון	תוכנית מנחי כיתות שח"ר	ארצי	יהודי	76	912	עד 9 שעות	0.5, 1, 1.5, 2	ארצי מחוזי
SAMPLE	6	4	55475271	6114	שולמית	לוי	נ	שבת	1958-10-05	050-2030863	levishulamit@gmail.com	כן	מנחה	לא	עובד	פעיל	חינוך ילדים ונוער בסיכון	תוכנית מנחי כיתות שח"ר	תל אביב	יהודי	182	2184	עד 9 שעות	0.5, 1, 1.5, 2	ארצי מחוזי
SAMPLE	7	5	38752846	6215	יאיר	פידל	ז	שבת	1983-09-26	050-9724295	yairfid@gmail.com	כן	מנחה	לא	עובד	פעיל	חינוך ילדים ונוער בסיכון	תוכנית מנחי כיתות שח"ר	חיפה	יהודי	132	1584	עד 9 שעות	0.5, 1, 1.5, 2	ארצי מחוזי
SHEET	כיתות שחר- מאגר עובדים	ROWS	31	COLS	15	HEADER_ROW	2	DATA_ROWS	29
HEADERS	מס"ד	ת.ז	קוד עובד	שם פרטי	שם משפחה	זכר/נקבה	יום מנוחה	תאריך לידה	טלפון	מייל	עובד מדווח כן / לא	תפקיד	אפשר דיווח עתידי כן / לא	הרשאות	סטטוס
SAMPLE	3	1	55653034	696	אורנה	אהרוני	נ	שבת	1959-04-10	050-3078070	shahardarom10@gmail.com	כן	מנחה	לא	עובד	פעיל
SAMPLE	4	2	71820062	2454	יפה	פיינר	נ	שבת	1951-01-17	0528-227481	yaffaf75@gmail.com	כן	מנחה	לא	עובד	פעיל
SAMPLE	5	3	3163581	5945	יעקב	עצמוני	ז	שבת	1946-08-08	054-6667809	azmoni@gmail.com	כן	מנחה	לא	עובד	פעיל
SAMPLE	6	4	55475271	6114	שולמית	לוי	נ	שבת	1958-10-05	050-2030863	levishulamit@gmail.com	כן	מנחה	לא	עובד	פעיל
SAMPLE	7	5	38752846	6215	יאיר	פידל	ז	שבת	1983-09-26	050-9724295	yairfid@gmail.com	כן	מנחה	לא	עובד	פעיל
SHEET	כיתות שחר- הקצאות	ROWS	30	COLS	14	HEADER_ROW	1	DATA_ROWS	29
HEADERS	מס"ד	ת.ז	קוד עובד	שם פרטי	שם משפחה	פרוייקט	תוכנית	מחוז	מגזר	היקף שעות העסקה חודשי	היקף שעות העסקה שנתי	היקף העסקה יומי עד  9 שעות/ ללא הגבלה	משך תפוקה	סיווג דיווח
SAMPLE	2	1	55653034	696	אורנה	אהרוני	חינוך ילדים ונוער בסיכון	תוכנית מנחי כיתות שח"ר	דרום	יהודי	182	2184	עד 9 שעות	0.5, 1, 1.5, 2	ארצי מחוזי
SAMPLE	3	2	71820062	2454	יפה	פיינר	חינוך ילדים ונוער בסיכון	תוכנית מנחי כיתות שח"ר	ארצי	יהודי	95	1140	עד 9 שעות	0.5, 1, 1.5, 2	ארצי מחוזי
SAMPLE	4	3	3163581	5945	יעקב	עצמוני	חינוך ילדים ונוער בסיכון	תוכנית מנחי כיתות שח"ר	ארצי	יהודי	76	912	עד 9 שעות	0.5, 1, 1.5, 2	ארצי מחוזי
SAMPLE	5	4	55475271	6114	שולמית	לוי	חינוך ילדים ונוער בסיכון	תוכנית מנחי כיתות שח"ר	תל אביב	יהודי	182	2184	עד 9 שעות	0.5, 1, 1.5, 2	ארצי מחוזי
SAMPLE	6	5	38752846	6215	יאיר	פידל	חינוך ילדים ונוער בסיכון	תוכנית מנחי כיתות שח"ר	חיפה	יהודי	132	1584	עד 9 שעות	0.5, 1, 1.5, 2	ארצי מחוזי
SHEET	כיתות שחר- ערכי טבלאות עזר	ROWS	457	COLS	12	HEADER_ROW	1	DATA_ROWS	456
HEADERS	יישוב	שם המסגרת חינוכית	תוכנית	תחום	נושא 1	נושא 2	קיום דיון	כיתה	מסגרת חינוכית	יישוב/מחוז/ארצי	שכבה	כיתה
SAMPLE	2			אמ"ת	מניעת נשירה	אבחון מערכת שח"ר במסגרת החינוכית ואיתור מוקדי ההדרכה	אבחון מערכת שח"ר במסגרת החינוכית ואיתור מוקדי ההדרכה	דיון עם מנהל בית הספר	התאמת תוכנית כיתתית	התאמת התוכנית לבית הספר	תאום עם תוכניות קיימות	חובה	1
SAMPLE	3			במה לאומנויות	מוסדי	אבחון מערכת שח"ר במסגרת היישובית ואיתור מוקדי ההדרכה	אבחון מערכת שח"ר במסגרת היישובית ואיתור מוקדי ההדרכה	דיון עם מרכז התוכנית	התאמת תוכנית חברתית	הכשרת/התאמת צוותי הוראה	התאמת צוותי היגוי למשימה	א	2
SAMPLE	4			טיפוח מיומנויות -אקדמיה	מסגרות ייחודיות	איסוף וניתוח נתונים לצורך שיפור תהליכי הוראה ולמידה	איסוף וניתוח נתונים לצורך שיפור תהליכי הוראה ולמידה	דיון עם  צוות ההוראה	התאמת תוכנית טיפולית	התאמת מערכת שעות לתוכנית	העצמת צוותי הוראה למשימה	ב	3
SAMPLE	5			כיתות א"מץ		איתור גורמים בית ספריים/יישובים בעלי מענה לצרכי התוכנית	איתור גורמים בית ספריים/יישובים בעלי מענה לצרכי התוכנית	דיון עם צוות ההדרכה	התאמת אוכלוסית היעד	ועדת קבלה לילדים	גיבוש צוותים רב מקצועיים	ג	4
SAMPLE	6			כיתות אתגר		איתור גורמים בית ספריים/יישובים בעלי מענה לצרכי כיתות שח"ר	איתור גורמים בית ספריים/יישובים בעלי מענה לצרכי כיתות שח"ר	דיון עם צוות היגוי	ניצול שעות נכון	הגדלת תקציב	הנחיית צוותים	ד	5
SHEET	מוסדות 	ROWS	864	COLS	8	HEADER_ROW	1	DATA_ROWS	863
HEADERS	סמל מוסד	שם הישוב	שם מוסד	מחוז	מגזר	סוג חינוך	שלב חינוך	
SAMPLE	2	148080	אבו גוש	מקיף אבו גוש	ירושלים	ערבי	רגיל	חט"ב, חט"ע	
SAMPLE	3	248559	אבו סנאן	אבו-סלים סלמאן אלשיך	צפון	דרוזי	רגיל	חט"ב, חט"ע	
SAMPLE	4	440180	אבן יהודה	מקיף הדסים	מרכז	יהודי	רגיל	חט"ע	
SAMPLE	5	342337	אום אל-פאחם	תיכון אסקנדר	חיפה	ערבי	רגיל	חט"ב, חט"ע	
SAMPLE	6	342352	אום אל-פאחם	תיכון קטאין אלשומר	חיפה	ערבי	רגיל	חט"ע	
SHEET	שיוך מסגרות לכל  עובדי	ROWS	1408	COLS	11	HEADER_ROW	1	DATA_ROWS	1407
HEADERS	מס	ת.ז	קוד עובד	שם פרטי	שם משפחה	סמל מוסד	שם הישוב	מסגרת חינוכית	מחוז	מגזר	שיבוץ עובד -שם התוכנית במערכת
SAMPLE	2	1	71820062	2454	יפה	פיינר	148080	אבו גוש	מקיף אבו גוש	ירושלים	ערבי	תוכנית מנחי כיתות שח"ר
SAMPLE	3	2	71820062	2454	יפה	פיינר	248559	אבו סנאן	אבו-סלים סלמאן אלשיך	צפון	דרוזי	תוכנית מנחי כיתות שח"ר
SAMPLE	4	3	71820062	2454	יפה	פיינר	440180	אבן יהודה	מקיף הדסים	מרכז	יהודי	תוכנית מנחי כיתות שח"ר
SAMPLE	5	4	71820062	2454	יפה	פיינר	342337	אום אל-פאחם	תיכון אסקנדר	חיפה	ערבי	תוכנית מנחי כיתות שח"ר
SAMPLE	6	5	71820062	2454	יפה	פיינר	342352	אום אל-פאחם	תיכון קטאין אלשומר	חיפה	ערבי	תוכנית מנחי כיתות שח"ר
FILE	‏‏קובץ נתוני עובדים מערכת חדשה-  מועדוניות משפחתיות ואור בגנים.xlsx	BYTES	127127
SHEET	מועדוניות משפחתיות ואור בגנים	ROWS	14	COLS	24	HEADER_ROW	2	DATA_ROWS	12
HEADERS	מס"ד	ת.ז	קוד עובד	שם פרטי	שם משפחה	זכר/נקבה	יום מנוחה	תאריך לידה	טלפון	מייל	עובד מדווח כן / לא	תפקיד	אפשר דיווח עתידי כן / לא	הרשאות	סטטוס	פרוייקט	תוכנית	מחוז	מגזר	היקף שעות העסקה חודשי	היקף שעות העסקה שנתי	היקף העסקה יומי עד  9 שעות/ ללא הגבלה	משך תפוקה	סיווג דיווח
SAMPLE	3	1	304025091	700	אירה	קרדשוב	נ	שבת	1973-12-26	054-5934076	ikardashov@gmail.com	כן	מנחה	לא	עובד	פעיל	חינוך ילדים ונוער בסיכון	תוכנית מועדוניות משפחתיות ואור בגנים	חיפה	יהודי	146	1752	עד 9 שעות	0.5, 1, 1.5, 2	ארצי מחוזי
SAMPLE	4	2	54174693	3077	ישראלה	אורנשטיין	נ	שבת	1958-02-27	054-5443217	israelaor@gmail.com	כן	מנחה	לא	עובד	פעיל	חינוך ילדים ונוער בסיכון	תוכנית מועדוניות משפחתיות ואור בגנים	תל אביב	יהודי	66	792	עד 9 שעות	0.5, 1, 1.5, 2	ארצי מחוזי
SAMPLE	5	3	51459873	6269	אסתר (אסתי)	נצר	נ	שבת	1952-01-14	054-4552565	st_ntzr@013net.net	כן	מנחה	לא	עובד	פעיל	חינוך ילדים ונוער בסיכון	תוכנית מועדוניות משפחתיות ואור בגנים	צפון	יהודי	66	792	עד 9 שעות	0.5, 1, 1.5, 2	ארצי מחוזי
SAMPLE	6	4	36549103	6272	רוית	אהרוני	נ	שבת	1984-12-27	054-4885214	ravitaharoni@walla.co.il	כן	מנחה	לא	עובד	פעיל	חינוך ילדים ונוער בסיכון	תוכנית מועדוניות משפחתיות ואור בגנים	ארצי	יהודי	224	2688	ללא הגבלה	0.5, 1, 1.5, 2	ארצי מחוזי
SAMPLE	7	5	43063411	6476	נג'מה	ותד	נ	שבת	1981-03-16	050-7705664	Nagmaw1981@gmail.com	כן	מנחה	לא	עובד	פעיל	חינוך ילדים ונוער בסיכון	תוכנית מועדוניות משפחתיות ואור בגנים	חיפה/מרכז	יהודי	132	1584	עד 9 שעות	0.5, 1, 1.5, 2	ארצי מחוזי
SHEET	מועדוניות משפחתיות- מאגר עובדים	ROWS	14	COLS	15	HEADER_ROW	2	DATA_ROWS	12
HEADERS	מס"ד	ת.ז	קוד עובד	שם פרטי	שם משפחה	זכר/נקבה	יום מנוחה	תאריך לידה	טלפון	מייל	עובד מדווח כן / לא	תפקיד	אפשר דיווח עתידי כן / לא	הרשאות	סטטוס
SAMPLE	3	1	304025091	700	אירה	קרדשוב	נ	שבת	1973-12-26	054-5934076	ikardashov@gmail.com	כן	מנחה	לא	עובד	פעיל
SAMPLE	4	2	54174693	3077	ישראלה	אורנשטיין	נ	שבת	1958-02-27	054-5443217	israelaor@gmail.com	כן	מנחה	לא	עובד	פעיל
SAMPLE	5	3	51459873	6269	אסתר (אסתי)	נצר	נ	שבת	1952-01-14	054-4552565	st_ntzr@013net.net	כן	מנחה	לא	עובד	פעיל
SAMPLE	6	4	36549103	6272	רוית	אהרוני	נ	שבת	1984-12-27	054-4885214	ravitaharoni@walla.co.il	כן	מנחה	לא	עובד	פעיל
SAMPLE	7	5	43063411	6476	נג'מה	ותד	נ	שבת	1981-03-16	050-7705664	Nagmaw1981@gmail.com	כן	מנחה	לא	עובד	פעיל
SHEET	מועדוניות ואור בגנים - הקצאות	ROWS	13	COLS	14	HEADER_ROW	1	DATA_ROWS	12
HEADERS	מס"ד	ת.ז	קוד עובד	שם פרטי	שם משפחה	פרוייקט	תוכנית	מחוז	מגזר	היקף שעות העסקה חודשי	היקף שעות העסקה שנתי	היקף העסקה יומי עד  9 שעות/ ללא הגבלה	משך תפוקה	סיווג דיווח
SAMPLE	2	1	304025091	700	אירה	קרדשוב	חינוך ילדים ונוער בסיכון	תוכנית מועדוניות משפחתיות ואור בגנים	חיפה	יהודי	146	1752	עד 9 שעות	0.5, 1, 1.5, 2	ארצי מחוזי
SAMPLE	3	2	54174693	3077	ישראלה	אורנשטיין	חינוך ילדים ונוער בסיכון	תוכנית מועדוניות משפחתיות ואור בגנים	תל אביב	יהודי	66	792	עד 9 שעות	0.5, 1, 1.5, 2	ארצי מחוזי
SAMPLE	4	3	51459873	6269	אסתר (אסתי)	נצר	חינוך ילדים ונוער בסיכון	תוכנית מועדוניות משפחתיות ואור בגנים	צפון	יהודי	66	792	עד 9 שעות	0.5, 1, 1.5, 2	ארצי מחוזי
SAMPLE	5	4	36549103	6272	רוית	אהרוני	חינוך ילדים ונוער בסיכון	תוכנית מועדוניות משפחתיות ואור בגנים	ארצי	יהודי	224	2688	ללא הגבלה	0.5, 1, 1.5, 2	ארצי מחוזי
SAMPLE	6	5	43063411	6476	נג'מה	ותד	חינוך ילדים ונוער בסיכון	תוכנית מועדוניות משפחתיות ואור בגנים	חיפה/מרכז	יהודי	132	1584	עד 9 שעות	0.5, 1, 1.5, 2	ארצי מחוזי
SHEET	מועדוניות ואור- ערכי טבלאות עזר	ROWS	457	COLS	12	HEADER_ROW	1	DATA_ROWS	456
HEADERS	יישוב	שם המסגרת חינוכית	תוכנית	תחום	נושא 1	נושא 2	קיום דיון	כיתה	מסגרת חינוכית	יישוב/מחוז/ארצי	שכבה	כיתה
SAMPLE	2			אור בגנים	רווחה וקהילה	אבחון מערכת שח"ר במסגרת החינוכית ואיתור מוקדי ההדרכה	אבחון מערכת שח"ר במסגרת החינוכית ואיתור מוקדי ההדרכה	דיון עם מנהל בית הספר	התאמת תוכנית כיתתית	התאמת התוכנית לבית הספר	תאום עם תוכניות קיימות	חובה	1
SAMPLE	3			מועדוניות משפחתיות		אבחון מערכת שח"ר במסגרת היישובית ואיתור מוקדי ההדרכה	אבחון מערכת שח"ר במסגרת היישובית ואיתור מוקדי ההדרכה	דיון עם מרכז התוכנית	התאמת תוכנית חברתית	הכשרת/התאמת צוותי הוראה	התאמת צוותי היגוי למשימה	א	2
SAMPLE	4					איסוף וניתוח נתונים לצורך שיפור תהליכי הוראה ולמידה	איסוף וניתוח נתונים לצורך שיפור תהליכי הוראה ולמידה	דיון עם  צוות ההוראה	התאמת תוכנית טיפולית	התאמת מערכת שעות לתוכנית	העצמת צוותי הוראה למשימה	ב	3
SAMPLE	5					איתור גורמים בית ספריים/יישובים בעלי מענה לצרכי התוכנית	איתור גורמים בית ספריים/יישובים בעלי מענה לצרכי התוכנית	דיון עם צוות ההדרכה	התאמת אוכלוסית היעד	ועדת קבלה לילדים	גיבוש צוותים רב מקצועיים	ג	4
SAMPLE	6					איתור גורמים בית ספריים/יישובים בעלי מענה לצרכי כיתות שח"ר	איתור גורמים בית ספריים/יישובים בעלי מענה לצרכי כיתות שח"ר	דיון עם צוות היגוי	ניצול שעות נכון	הגדלת תקציב	הנחיית צוותים	ד	5
SHEET	מוסדות	ROWS	636	COLS	7	HEADER_ROW	1	DATA_ROWS	635
HEADERS	שם מוסד	סמל מוסד	שם הישוב	מחוז	מגזר	סוג חינוך	שלב חינוך
SAMPLE	2	750588	אום אל-פאחם	מועדונית ואדי נוסור	חיפה	ערבי	רגיל	יסודי, חט"ב
SAMPLE	3	750604	אום אל-פאחם	מועדונית אלמידן	חיפה	ערבי	רגיל	יסודי, חט"ב
SAMPLE	4	750596	אום אל-פאחם	מועדונית אלמחאג'נה	חיפה	ערבי	רגיל	יסודי, חט"ב
SAMPLE	5	750620	אור עקיבא	מועדונית ארז	חיפה	יהודי	רגיל	יסודי, חט"ב
SAMPLE	6	750612	אור עקיבא	מועדונית אחדות	חיפה	יהודי	רגיל	יסודי, חט"ב
SHEET	מסגרות לכל העובדים	ROWS	756	COLS	11	HEADER_ROW	1	DATA_ROWS	755
HEADERS	מס	ת.ז	קוד עובד	שם פרטי	שם משפחה	סמל מוסד	שם הישוב	מסגרת חינוכית	מחוז	מגזר	שיבוץ עובד -שם התוכנית במערכת
SAMPLE	2	1	304025091	700	אירה	קרדשוב	750588	אום אל-פאחם	מועדונית ואדי נוסור	חיפה	ערבי	תוכנית מועדוניות משפחתיות ואור בגנים
SAMPLE	3	2	304025091	700	אירה	קרדשוב	750604	אום אל-פאחם	מועדונית אלמידן	חיפה	ערבי	תוכנית מועדוניות משפחתיות ואור בגנים
SAMPLE	4	3	304025091	700	אירה	קרדשוב	750596	אום אל-פאחם	מועדונית אלמחאג'נה	חיפה	ערבי	תוכנית מועדוניות משפחתיות ואור בגנים
SAMPLE	5	4	304025091	700	אירה	קרדשוב	750620	אור עקיבא	מועדונית ארז	חיפה	יהודי	תוכנית מועדוניות משפחתיות ואור בגנים
SAMPLE	6	5	304025091	700	אירה	קרדשוב	750612	אור עקיבא	מועדונית אחדות	חיפה	יהודי	תוכנית מועדוניות משפחתיות ואור בגנים
FILE	‏‏‏‏קובץ נתוני עובדים מערכת חדשה-  מחטים קידום נוער ומרכזי נוער.xlsx	BYTES	124468
SHEET	מחטים וקידום נוער	ROWS	25	COLS	24	HEADER_ROW	2	DATA_ROWS	23
HEADERS	מס"ד	ת.ז	קוד עובד	שם פרטי	שם משפחה	זכר/נקבה	יום מנוחה	תאריך לידה	טלפון	מייל	עובד מדווח כן / לא	תפקיד	אפשר דיווח עתידי כן / לא	הרשאות	סטטוס	פרוייקט	תוכנית	מחוז	מגזר	היקף שעות העסקה חודשי	היקף שעות העסקה שנתי	היקף העסקה יומי עד  9 שעות/ ללא הגבלה	משך תפוקה	סיווג דיווח
SAMPLE	3	1	61465050	682	רוחמה	ויונטה	נ	שבת	1951-07-23	050-2113606	rvivante2@gmail.com	כן	מנחה	לא	עובד	פעיל	חינוך ילדים ונוער בסיכון	מחטים, קידום נוער ומרכזי נוער	ארצי	יהודי	168	2016	עד 9 שעות	0.5, 1, 1.5, 2	ארצי מחוזי
SAMPLE	4	2	58535840	6270	מוסטפא	סעד	ז	שבת	1963-08-27	050-7267262	<mostfasaed63@gmail.com>	כן	מנחה	לא	עובד	פעיל	חינוך ילדים ונוער בסיכון	מחטים, קידום נוער ומרכזי נוער	צפון	יהודי	175	2100	עד 9 שעות	0.5, 1, 1.5, 2	ארצי מחוזי
SAMPLE	5	3	34310490	6271	חנאן אבו חבלה	סעד (שימאן)	נ	שבת	1978-02-06	050-7747264	ha_nan@walla.co.il	כן	מנחה	לא	עובד	פעיל	חינוך ילדים ונוער בסיכון	מחטים, קידום נוער ומרכזי נוער	ארצי	יהודי	182	2184	עד 9 שעות	0.5, 1, 1.5, 2	ארצי מחוזי
SAMPLE	6	4	33100892	6342	רועי	דניאל	ז	שבת	1976-07-30	050-9003793	roy77177177@gmail.com	כן	מנחה	לא	עובד	פעיל	חינוך ילדים ונוער בסיכון	מחטים, קידום נוער ומרכזי נוער	מרכז	יהודי	33	396	עד 9 שעות	0.5, 1, 1.5, 2	ארצי מחוזי
SAMPLE	7	5	207522	6835	יחזקאל	גבאי	ז	שבת	1943-03-19	052-3564591	gabaiye@hotmail.com	כן	מנחה	לא	עובד	פעיל	חינוך ילדים ונוער בסיכון	מחטים, קידום נוער ומרכזי נוער	ארצי	יהודי	55	660	עד 9 שעות	0.5, 1, 1.5, 2	ארצי מחוזי
SHEET	מחטים קידום נוער- מאגר עובדים	ROWS	24	COLS	15	HEADER_ROW	2	DATA_ROWS	22
HEADERS	מס"ד	ת.ז	קוד עובד	שם פרטי	שם משפחה	זכר/נקבה	יום מנוחה	תאריך לידה	טלפון	מייל	עובד מדווח כן / לא	תפקיד	אפשר דיווח עתידי כן / לא	הרשאות	סטטוס
SAMPLE	3	1	61465050	682	רוחמה	ויונטה	נ	שבת	1951-07-23	050-2113606	rvivante2@gmail.com	כן	מנחה	לא	עובד	פעיל
SAMPLE	4	2	58535840	6270	מוסטפא	סעד	ז	שבת	1963-08-27	050-7267262	<mostfasaed63@gmail.com>	כן	מנחה	לא	עובד	פעיל
SAMPLE	5	3	34310490	6271	חנאן אבו חבלה	סעד (שימאן)	נ	שבת	1978-02-06	050-7747264	ha_nan@walla.co.il	כן	מנחה	לא	עובד	פעיל
SAMPLE	6	4	33100892	6342	רועי	דניאל	ז	שבת	1976-07-30	050-9003793	roy77177177@gmail.com	כן	מנחה	לא	עובד	פעיל
SAMPLE	7	5	207522	6835	יחזקאל	גבאי	ז	שבת	1943-03-19	052-3564591	gabaiye@hotmail.com	כן	מנחה	לא	עובד	פעיל
SHEET	מחטים קידום נוער- הקצאות	ROWS	24	COLS	14	HEADER_ROW	1	DATA_ROWS	23
HEADERS	מס"ד	ת.ז	קוד עובד	שם פרטי	שם משפחה	פרוייקט	תוכנית	מחוז	מגזר	היקף שעות העסקה חודשי	היקף שעות העסקה שנתי	היקף העסקה יומי עד  9 שעות/ ללא הגבלה	משך תפוקה	סיווג דיווח
SAMPLE	2	1	61465050	682	רוחמה	ויונטה	חינוך ילדים ונוער בסיכון	מחטים, קידום נוער ומרכזי נוער	ארצי	יהודי	168	2016	עד 9 שעות	0.5, 1, 1.5, 2	ארצי מחוזי
SAMPLE	3	2	58535840	6270	מוסטפא	סעד	חינוך ילדים ונוער בסיכון	מחטים, קידום נוער ומרכזי נוער	צפון	יהודי	175	2100	עד 9 שעות	0.5, 1, 1.5, 2	ארצי מחוזי
SAMPLE	4	3	34310490	6271	חנאן אבו חבלה	סעד (שימאן)	חינוך ילדים ונוער בסיכון	מחטים, קידום נוער ומרכזי נוער	ארצי	יהודי	182	2184	עד 9 שעות	0.5, 1, 1.5, 2	ארצי מחוזי
SAMPLE	5	4	33100892	6342	רועי	דניאל	חינוך ילדים ונוער בסיכון	מחטים, קידום נוער ומרכזי נוער	מרכז	יהודי	33	396	עד 9 שעות	0.5, 1, 1.5, 2	ארצי מחוזי
SAMPLE	6	5	207522	6835	יחזקאל	גבאי	חינוך ילדים ונוער בסיכון	מחטים, קידום נוער ומרכזי נוער	ארצי	יהודי	55	660	עד 9 שעות	0.5, 1, 1.5, 2	ארצי מחוזי
SHEET	מחטים- ערכי טבלאות עזר	ROWS	161	COLS	12	HEADER_ROW	1	DATA_ROWS	160
HEADERS	יישוב	שם המסגרת חינוכית	תוכנית	תחום	נושא 1	נושא 2	קיום דיון	כיתה	מסגרת חינוכית	יישוב/מחוז/ארצי	שכבה	כיתה
SAMPLE	2			כתות בתי"ס ייחודיים	מוסדי	אבחון מערכת שח"ר במסגרת היישובית ואיתור מוקדי ההדרכה	אבחון מערכת שח"ר במסגרת היישובית ואיתור מוקדי ההדרכה	דיון עם מנהל בית הספר	התאמת תוכנית כיתתית	התאמת התוכנית לבית הספר	תאום עם תוכניות קיימות	חובה	1
SAMPLE	3			כיתות בתי"ס במעבר	מסגרות ייחודיות	איתור גורמים בית ספריים/יישובים בעלי מענה לצרכי כיתות שח"ר	איתור גורמים בית ספריים/יישובים בעלי מענה לצרכי כיתות שח"ר	דיון עם מרכז התוכנית	התאמת תוכנית חברתית	הכשרת/התאמת צוותי הוראה	התאמת צוותי היגוי למשימה	א	2
SAMPLE	4			מפתנים		איתור גורמים רשות/יישובים בעלי מענה לצרכי התוכנית- איתור כח אדם	איתור גורמים רשות/יישובים בעלי מענה לצרכי התוכנית- איתור כח אדם	דיון עם  צוות ההוראה	התאמת תוכנית טיפולית	התאמת מערכת שעות לתוכנית	העצמת צוותי הוראה למשימה	ב	3
SAMPLE	5			מרכזי חירום		בניית תוכנית הנחייה- העצמה ופיתוח אישי	בניית תוכנית הנחייה- העצמה ופיתוח אישי	דיון עם צוות ההדרכה	התאמת אוכלוסית היעד	ועדת קבלה לילדים	גיבוש צוותים רב מקצועיים	ג	4
SAMPLE	6			כיתות במרכזי חינוך ונוער		בניית תוכנית הנחייה- מיומנויות למידה	בניית תוכנית הנחייה- מיומנויות למידה	דיון עם צוות היגוי	ניצול שעות נכון	הגדלת תקציב	הנחיית צוותים	ד	5
SHEET	מסגרות לכל  עובדי	ROWS	1015	COLS	11	HEADER_ROW	1	DATA_ROWS	1014
HEADERS	מס	ת.ז	קוד עובד	שם פרטי	שם משפחה	סמל מוסד	שם הישוב	מסגרת חינוכית	מחוז	מגזר	שיבוץ עובד -שם התוכנית במערכת
SAMPLE	2	142	61465050	682	רוחמה	ויונטה	162057	ירושלים	אוהל ברכה	ירושלים	יהודי	מחטים, קידום נוער ומרכזי נוער
SAMPLE	3	143	61465050	682	רוחמה	ויונטה	441618	לוד	אור חנה	מרכז	יהודי	מחטים, קידום נוער ומרכזי נוער
SAMPLE	4	144	61465050	682	רוחמה	ויונטה	541656	אור יהודה	אור יהודה אור חנה	תל אביב	יהודי	מחטים, קידום נוער ומרכזי נוער
SAMPLE	5	145	61465050	682	רוחמה	ויונטה	541979	אור יהודה	תיכון יעדים	תל אביב	יהודי	מחטים, קידום נוער ומרכזי נוער
SAMPLE	6	146	61465050	682	רוחמה	ויונטה	340711	רכסים	אור חדש - בנות	חיפה	יהודי	מחטים, קידום נוער ומרכזי נוער
SHEET	מוסדות	ROWS	335	COLS	7	HEADER_ROW	1	DATA_ROWS	334
HEADERS	שם מוסד	סמל מוסד	שם הישוב	מחוז	מגזר	סוג חינוך	שלב חינוך
SAMPLE	2	אוהל ברכה	162057	ירושלים	ירושלים	יהודי	רגיל	חט"ע
SAMPLE	3	אור חנה	441618	לוד	מרכז	יהודי	רגיל	חט"ע
SAMPLE	4	אור יהודה אור חנה	541656	אור יהודה	תל אביב	יהודי	רגיל	חט"ב, חט"ע
SAMPLE	5	תיכון יעדים	541979	אור יהודה	תל אביב	יהודי	רגיל	חט"ב, חט"ע
SAMPLE	6	אור חדש - בנות	340711	רכסים	חיפה	יהודי	רגיל	חט"ע
FILE	קובץ נתוני עובדים מערכת חדשה-  מרכזים לגיל הרך.xlsx	BYTES	44472
SHEET	מרכזיםלגיל הרך	ROWS	9	COLS	24	HEADER_ROW	2	DATA_ROWS	7
HEADERS	מס"ד	ת.ז	קוד עובד	שם פרטי	שם משפחה	זכר/נקבה	יום מנוחה	תאריך לידה	טלפון	מייל	עובד מדווח כן / לא	תפקיד	אפשר דיווח עתידי כן / לא	הרשאות	סטטוס	פרוייקט	תוכנית	מחוז	מגזר	היקף שעות העסקה חודשי	היקף שעות העסקה שנתי	היקף העסקה יומי עד  9 שעות/ ללא הגבלה	משך תפוקה	סיווג דיווח
SAMPLE	3	1	58701582	7333	איריס	קרונמן	נ	שבת	1964-01-04	054-7907750	Iris.kronman@gmail.com	כן	עובד	לא		פעיל	חינוך ילדים ונוער בסיכון	תוכנית מרכזים לגיל הרך	ארצי	יהודי	74	888	עד 9 שעות	0.5, 1, 1.5, 2	ארצי מחוזי
SAMPLE	4	2	17558818	7335	אסתר (אסתי)	קילברג	נ	שבת	1959-09-23	052-8510508	estikilb@gmail.com	כן	עובד	לא		פעיל	חינוך ילדים ונוער בסיכון	תוכנית מרכזים לגיל הרך	ארצי	יהודי	113	1356	עד 9 שעות	0.5, 1, 1.5, 2	ארצי מחוזי
SAMPLE	5	3	56572159	7336	יעל	שגב	נ	שבת	1960-08-29	054-7728457	ymsegev2014@gmail.com	כן	עובד	לא		פעיל	חינוך ילדים ונוער בסיכון	תוכנית מרכזים לגיל הרך	ארצי	יהודי	151	1812	עד 9 שעות	0.5, 1, 1.5, 2	ארצי מחוזי
SAMPLE	6	4	40942351	7795	מיסון	מחאג'נה	נ	שבת	1981-08-22	052-6394014	taaa2011@walla.co.il	כן	עובד	לא		פעיל	חינוך ילדים ונוער בסיכון	תוכנית מרכזים לגיל הרך	ארצי	יהודי	151	1812	עד 9 שעות	0.5, 1, 1.5, 2	ארצי מחוזי
SAMPLE	7	5	38649968	8122	יעל (לאה)	גולן	נ	שבת	1976-05-31	054-5952421	yaelgolanav@gmail.com	כן	עובד	לא		פעיל	חינוך ילדים ונוער בסיכון	תוכנית מרכזים לגיל הרך	ארצי	יהודי	151	1812	עד 9 שעות	0.5, 1, 1.5, 2	ארצי מחוזי
SHEET	מרכזים לגיל הרך - מאגר עובדים	ROWS	9	COLS	15	HEADER_ROW	2	DATA_ROWS	7
HEADERS	מס"ד	ת.ז	קוד עובד	שם פרטי	שם משפחה	זכר/נקבה	יום מנוחה	תאריך לידה	טלפון	מייל	עובד מדווח כן / לא	תפקיד	אפשר דיווח עתידי כן / לא	הרשאות	סטטוס
SAMPLE	3	1	58701582	7333	איריס	קרונמן	נ	שבת	1964-01-04	054-7907750	Iris.kronman@gmail.com	כן	מנחה	לא	עובד	פעיל
SAMPLE	4	2	17558818	7335	אסתר (אסתי)	קילברג	נ	שבת	1959-09-23	052-8510508	estikilb@gmail.com	כן	מנחה	לא	עובד	פעיל
SAMPLE	5	3	56572159	7336	יעל	שגב	נ	שבת	1960-08-29	054-7728457	ymsegev2014@gmail.com	כן	מנחה	לא	עובד	פעיל
SAMPLE	6	4	40942351	7795	מיסון	מחאג'נה	נ	שבת	1981-08-22	052-6394014	taaa2011@walla.co.il	כן	מנחה	לא	עובד	פעיל
SAMPLE	7	5	38649968	8122	יעל (לאה)	גולן	נ	שבת	1976-05-31	054-5952421	yaelgolanav@gmail.com	כן	מנחה	לא	עובד	פעיל
SHEET	מרכזים לגיל הרך - הקצאות	ROWS	8	COLS	14	HEADER_ROW	1	DATA_ROWS	7
HEADERS	מס"ד	ת.ז	קוד עובד	שם פרטי	שם משפחה	פרוייקט	תוכנית	מחוז	מגזר	היקף שעות העסקה חודשי	היקף שעות העסקה שנתי	היקף העסקה יומי עד  9 שעות/ ללא הגבלה	משך תפוקה	סיווג דיווח
SAMPLE	2	1	58701582	7333	איריס	קרונמן	חינוך ילדים ונוער בסיכון	תוכנית מרכזים לגיל הרך	ארצי	יהודי	74	888	עד 9 שעות	0.5, 1, 1.5, 2	ארצי מחוזי
SAMPLE	3	2	17558818	7335	אסתר (אסתי)	קילברג	חינוך ילדים ונוער בסיכון	תוכנית מרכזים לגיל הרך	ארצי	יהודי	113	1356	עד 9 שעות	0.5, 1, 1.5, 2	ארצי מחוזי
SAMPLE	4	3	56572159	7336	יעל	שגב	חינוך ילדים ונוער בסיכון	תוכנית מרכזים לגיל הרך	ארצי	יהודי	151	1812	עד 9 שעות	0.5, 1, 1.5, 2	ארצי מחוזי
SAMPLE	5	4	40942351	7795	מיסון	מחאג'נה	חינוך ילדים ונוער בסיכון	תוכנית מרכזים לגיל הרך	ארצי	יהודי	151	1812	עד 9 שעות	0.5, 1, 1.5, 2	ארצי מחוזי
SAMPLE	6	5	38649968	8122	יעל (לאה)	גולן	חינוך ילדים ונוער בסיכון	תוכנית מרכזים לגיל הרך	ארצי	יהודי	151	1812	עד 9 שעות	0.5, 1, 1.5, 2	ארצי מחוזי
SHEET	מרכזים לגיל הר- ערכי טבלאות קוד	ROWS	106	COLS	12	HEADER_ROW	1	DATA_ROWS	105
HEADERS	יישוב	שם המסגרת חינוכית	תוכנית	תחום	נושא 1	נושא 2	קיום דיון	כיתה	מסגרת חינוכית	יישוב/מחוז/ארצי	שכבה	כיתה
SAMPLE	2			מרכזים לגיל הרך	רווחה וקהילה	איתור גורמים רשות/יישובים בעלי מענה לצרכי התוכנית- איתור כח אדם	איתור גורמים רשות/יישובים בעלי מענה לצרכי התוכנית- איתור כח אדם	דיון עם מנהל בית הספר	התאמת תוכנית כיתתית	התאמת התוכנית לבית הספר	תאום עם תוכניות קיימות	חובה	1
SAMPLE	3					איתור גורמים רשות/יישובים בעלי מענה לצרכי מרכזים לגיל הרך	איתור גורמים רשות/יישובים בעלי מענה לצרכי מרכזים לגיל הרך	דיון עם מרכז התוכנית	התאמת תוכנית חברתית	הכשרת/התאמת צוותי הוראה	התאמת צוותי היגוי למשימה	א	2
SAMPLE	4					בניית תוכנית הנחייה- בתחום הטיפולי רגשי פארא-רפואי	בניית תוכנית הנחייה- בתחום הטיפולי רגשי פארא-רפואי	דיון עם  צוות ההוראה	התאמת תוכנית טיפולית	התאמת מערכת שעות לתוכנית	העצמת צוותי הוראה למשימה	ב	3
SAMPLE	5					בניית תוכנית הנחייה- העצמה ופיתוח אישי	בניית תוכנית הנחייה- העצמה ופיתוח אישי	דיון עם צוות ההדרכה	התאמת אוכלוסית היעד	ועדת קבלה לילדים	גיבוש צוותים רב מקצועיים	ג	4
SAMPLE	6					בניית תוכנית הנחייה- מיומנויות למידה	בניית תוכנית הנחייה- מיומנויות למידה	דיון עם צוות היגוי	ניצול שעות נכון	הגדלת תקציב	הנחיית צוותים	ד	5
SHEET	מסגרות לכל העובדים	ROWS	100	COLS	7	HEADER_ROW	1	DATA_ROWS	99
HEADERS	שם מוסד	סמל מוסד	שם הישוב	מחוז	מגזר	סוג חינוך	שלב חינוך
SAMPLE	2	הנחייה והטמעה ארצית- מרכזים לגיל הרך	1130	ארצי	ארצי	כללי	רגיל	קדם יסודי
SAMPLE	3	הנחייה והטמעה מחוזית- מרכזים לגיל הרך	1132	מחוזי	מחוזי	כללי	רגיל	קדם יסודי
SAMPLE	4	הנחייה והטמעה מוסדית- מרכזים לגיך הרך	1131	ארצי	ארצי	כללי	רגיל	קדם יסודי
SAMPLE	5	הנחייה קורס מנהלות חדשות - מרכזים לגיל הרך	1133	ארצי	ארצי	כללי	רגיל	קדם יסודי
SAMPLE	6	הנחייה, הטמעה ופיתוח- תוכנית סופוויזן	1134	ארצי	ארצי	כללי	רגיל	קדם יסודי
FILE	‏‏קובץ נתוני עובדים מערכת חדשה-  עוגנים ישובים רווחה ושיקום.xlsx	BYTES	62090
SHEET	עוגנים ישובים רווחה ושיקום	ROWS	5	COLS	24	HEADER_ROW	2	DATA_ROWS	3
HEADERS	מס"ד	ת.ז	קוד עובד	שם פרטי	שם משפחה	זכר/נקבה	יום מנוחה	תאריך לידה	טלפון	מייל	עובד מדווח כן / לא	תפקיד	אפשר דיווח עתידי כן / לא	הרשאות	סטטוס	פרוייקט	תוכנית	מחוז	מגזר	היקף שעות העסקה חודשי	היקף שעות העסקה שנתי	היקף העסקה יומי עד  9 שעות/ ללא הגבלה	משך תפוקה	סיווג דיווח
SAMPLE	3	1	31749682	653	מירי	קרסנטי-לוי	נ	שבת	1974-09-09	050-8110153	mirlevi@gmail.com	כן	מנחה	לא	עובד	פעיל	חינוך ילדים ונוער בסיכון	עוגנים ישובים רווחה ושיקום	צפון	יהודי	182	2184	עד 9 שעות	0.5, 1, 1.5, 2	ארצי מחוזי
SAMPLE	4	2	26789396	670	שלום	כהן	ז	שבת	1950-04-01	052-3907748	shalomc267@gmail.com	כן	מנחה	לא	עובד	פעיל	חינוך ילדים ונוער בסיכון	עוגנים ישובים רווחה ושיקום	דרום	יהודי	167	2004	עד 9 שעות	0.5, 1, 1.5, 2	ארצי מחוזי
SAMPLE	5	3	59373688	5943	כמיל	עסאקלה	ז	שבת	1965-04-04	050-4030869	kamilasakly@gmail.com	כן	מנחה	לא	עובד	פעיל	חינוך ילדים ונוער בסיכון	עוגנים ישובים רווחה ושיקום	צפון	יהודי	38	456	עד 9 שעות	0.5, 1, 1.5, 2	ארצי מחוזי
SHEET	עוגנים ישובים רווחה מאגר עובדים	ROWS	5	COLS	15	HEADER_ROW	2	DATA_ROWS	3
HEADERS	מס"ד	ת.ז	קוד עובד	שם פרטי	שם משפחה	זכר/נקבה	יום מנוחה	תאריך לידה	טלפון	מייל	עובד מדווח כן / לא	תפקיד	אפשר דיווח עתידי כן / לא	הרשאות	סטטוס
SAMPLE	3	1	31749682	653	מירי	קרסנטי-לוי	נ	שבת	1974-09-09	050-8110153	mirlevi@gmail.com	כן	מנחה	לא	עובד	פעיל
SAMPLE	4	2	26789396	670	שלום	כהן	ז	שבת	1950-04-01	052-3907748	shalomc267@gmail.com	כן	מנחה	לא	עובד	פעיל
SAMPLE	5	3	59373688	5943	כמיל	עסאקלה	ז	שבת	1965-04-04	050-4030869	kamilasakly@gmail.com	כן	מנחה	לא	עובד	פעיל
SHEET	עוגנים ישובים - הקצאות	ROWS	4	COLS	14	HEADER_ROW	1	DATA_ROWS	3
HEADERS	מס"ד	ת.ז	קוד עובד	שם פרטי	שם משפחה	פרוייקט	תוכנית	מחוז	מגזר	היקף שעות העסקה חודשי	היקף שעות העסקה שנתי	היקף העסקה יומי עד  9 שעות/ ללא הגבלה	משך תפוקה	סיווג דיווח
SAMPLE	2	1	31749682	653	מירי	קרסנטי-לוי	חינוך ילדים ונוער בסיכון	עוגנים ישובים רווחה ושיקום	צפון	יהודי	182	2184	עד 9 שעות	0.5, 1, 1.5, 2	ארצי מחוזי
SAMPLE	3	2	26789396	670	שלום	כהן	חינוך ילדים ונוער בסיכון	עוגנים ישובים רווחה ושיקום	דרום	יהודי	167	2004	עד 9 שעות	0.5, 1, 1.5, 2	ארצי מחוזי
SAMPLE	4	3	59373688	5943	כמיל	עסאקלה	חינוך ילדים ונוער בסיכון	עוגנים ישובים רווחה ושיקום	צפון	יהודי	38	456	עד 9 שעות	0.5, 1, 1.5, 2	ארצי מחוזי
SHEET	עוגנים ישוביםערכי טבלאות קוד	ROWS	432	COLS	12	HEADER_ROW	1	DATA_ROWS	431
HEADERS	יישוב	שם המסגרת חינוכית	תוכנית	תחום	נושא 1	נושא 2	קיום דיון	כיתה	מסגרת חינוכית	יישוב/מחוז/ארצי	שכבה	כיתה
SAMPLE	2			עוגנים ישובים רווחה ושיקום	רווחה וקהילה	אבחון מערכת שח"ר במסגרת החינוכית ואיתור מוקדי ההדרכה	אבחון מערכת שח"ר במסגרת החינוכית ואיתור מוקדי ההדרכה	דיון עם מנהל בית הספר	התאמת תוכנית כיתתית	התאמת התוכנית לבית הספר	תאום עם תוכניות קיימות	חובה	1
SAMPLE	3					אבחון מערכת שח"ר במסגרת היישובית ואיתור מוקדי ההדרכה	אבחון מערכת שח"ר במסגרת היישובית ואיתור מוקדי ההדרכה	דיון עם מרכז התוכנית	התאמת תוכנית חברתית	הכשרת/התאמת צוותי הוראה	התאמת צוותי היגוי למשימה	א	2
SAMPLE	4					איסוף וניתוח נתונים לצורך שיפור תהליכי הוראה ולמידה	איסוף וניתוח נתונים לצורך שיפור תהליכי הוראה ולמידה	דיון עם  צוות ההוראה	התאמת תוכנית טיפולית	התאמת מערכת שעות לתוכנית	העצמת צוותי הוראה למשימה	ב	3
SAMPLE	5					איתור גורמים בית ספריים/יישובים בעלי מענה לצרכי התוכנית	איתור גורמים בית ספריים/יישובים בעלי מענה לצרכי התוכנית	דיון עם צוות ההדרכה	התאמת אוכלוסית היעד	ועדת קבלה לילדים	גיבוש צוותים רב מקצועיים	ג	4
SAMPLE	6					איתור גורמים בית ספריים/יישובים בעלי מענה לצרכי כיתות שח"ר	איתור גורמים בית ספריים/יישובים בעלי מענה לצרכי כיתות שח"ר	דיון עם צוות היגוי	ניצול שעות נכון	הגדלת תקציב	הנחיית צוותים	ד	5
SHEET	מסגרות  עפ עובד	ROWS	149	COLS	11	HEADER_ROW	1	DATA_ROWS	148
HEADERS	מס	ת.ז	קוד עובד	שם פרטי	שם משפחה	סמל מוסד	שם הישוב	מסגרת חינוכית	מחוז	מגזר	שיבוץ עובד -שם התוכנית במערכת
SAMPLE	2	1	31749682	653	מירי	קרסנטי-לוי	1791	אבו סנאן	אבו סנאן -עוגנים ישובים רווחה ושיקום	צפון	ערבי	עוגנים ישובים רווחה ושיקום
SAMPLE	3	2	31749682	653	מירי	קרסנטי-לוי	1881	אכסאל	אכסאל-עוגנים ישובים רווחה ושיקום	צפון	ערבי	עוגנים ישובים רווחה ושיקום
SAMPLE	4	3	31749682	653	מירי	קרסנטי-לוי	1882	בוסמת טבעון	בוסמת טבעון -עוגנים ישובים רווחה ושיקום	צפון	ערבי	עוגנים ישובים רווחה ושיקום
SAMPLE	5	4	31749682	653	מירי	קרסנטי-לוי	4820	בועיינה-נוג'ידאת	בועיינה נוגדיאת -עוגנים ישובים רווחה ושיקום	צפון	ערבי	עוגנים ישובים רווחה ושיקום
SAMPLE	6	5	31749682	653	מירי	קרסנטי-לוי	9985	ביר אל-מכסור	ביר אל מכסור -עוגנים ישובים רווחה ושיקום	צפון	ערבי	עוגנים ישובים רווחה ושיקום
SHEET	מוסדות	ROWS	144	COLS	7	HEADER_ROW	1	DATA_ROWS	143
HEADERS	שם מוסד	סמל מוסד	שם הישוב	מחוז	מגזר	סוג חינוך	שלב חינוך
SAMPLE	2	אבו סנאן -עוגנים ישובים רווחה ושיקום	1791	אבו סנאן	צפון	ערבי	אחר	אחר
SAMPLE	3	אכסאל-עוגנים ישובים רווחה ושיקום	1881	אכסאל	צפון	ערבי	אחר	אחר
SAMPLE	4	בוסמת טבעון -עוגנים ישובים רווחה ושיקום	1882	בוסמת טבעון	צפון	ערבי	אחר	אחר
SAMPLE	5	בועיינה נוגדיאת -עוגנים ישובים רווחה ושיקום	4820	בועיינה-נוג'ידאת	צפון	ערבי	אחר	אחר
SAMPLE	6	ביר אל מכסור -עוגנים ישובים רווחה ושיקום	9985	ביר אל-מכסור	צפון	ערבי	אחר	אחר
FILE	‏‏‏‏‏‏‏‏קובץ נתוני עובדים מערכת חדשה-  תוכניות האגף כללי.xlsx	BYTES	109708
SHEET	האגף כללי	ROWS	16	COLS	24	HEADER_ROW	2	DATA_ROWS	14
HEADERS	מס"ד	ת.ז	קוד עובד	שם פרטי	שם משפחה	זכר/נקבה	יום מנוחה	תאריך לידה	טלפון	מייל	עובד מדווח כן / לא	תפקיד	אפשר דיווח עתידי כן / לא	הרשאות	סטטוס	פרוייקט	תוכנית	מחוז	מגזר	היקף שעות העסקה חודשי	היקף שעות העסקה שנתי	היקף העסקה יומי עד  9 שעות/ ללא הגבלה	משך תפוקה	סיווג דיווח
SAMPLE	3	1	22000368	680	ברטה	סאלם	נ	שבת	1966-06-02	054-4699581	berta66@walla.com	כן	מנחה	לא	עובד	פעיל	חינוך ילדים ונוער בסיכון	תוכניות האגף- כללי	צפון	יהודי	90	1080	עד 9 שעות	0.5, 1, 1.5, 2	ארצי מחוזי
SAMPLE	4	2	62646260	690	איל	גבאי	ז	שבת	1955-04-01	052-4448783	eyalmentor@gmail.com	כן	מנחה	לא	עובד	פעיל	חינוך ילדים ונוער בסיכון	תוכניות האגף- כללי	ארצי	יהודי	33	396	עד 9 שעות	0.5, 1, 1.5, 2	ארצי מחוזי
SAMPLE	5	3	23805203	6267	רונית	וולפסון	נ	שבת	1969-04-15	054-7664647	ronitwoolf35@gmail.com	כן	מנחה	לא	עובד	פעיל	חינוך ילדים ונוער בסיכון	תוכניות האגף- כללי	ארצי	יהודי	120	1440	עד 9 שעות	0.5, 1, 1.5, 2	ארצי מחוזי
SAMPLE	6	4	39598396	6454	עדי	לוי	נ	שבת	1984-06-13	054-6670304	adilevi13684@gmail.com	כן	מנחה	לא	עובד	פעיל	חינוך ילדים ונוער בסיכון	תוכניות האגף- כללי	ארצי	יהודי	175	2100	עד 9 שעות	0.5, 1, 1.5, 2	ארצי מחוזי
SAMPLE	7	5	27431162	8019	חגית (גיגי)	שמואלי	נ	שבת	1974-06-25	052-3374868	gigistei@gmail.com	כן	מנחה	לא	עובד	פעיל	חינוך ילדים ונוער בסיכון	תוכניות האגף- כללי	ארצי	יהודי	224	2688	ללא הגבלה	0.5, 1, 1.5, 2	ארצי מחוזי
SHEET	אגף כללי- מאגר עובדים	ROWS	16	COLS	15	HEADER_ROW	2	DATA_ROWS	14
HEADERS	מס"ד	ת.ז	קוד עובד	שם פרטי	שם משפחה	זכר/נקבה	יום מנוחה	תאריך לידה	טלפון	מייל	עובד מדווח כן / לא	תפקיד	אפשר דיווח עתידי כן / לא	הרשאות	סטטוס
SAMPLE	3	1	22000368	680	ברטה	סאלם	נ	שבת	1966-06-02	054-4699581	berta66@walla.com	כן	מנחה	לא	עובד	פעיל
SAMPLE	4	2	62646260	690	איל	גבאי	ז	שבת	1955-04-01	052-4448783	eyalmentor@gmail.com	כן	מנחה	לא	עובד	פעיל
SAMPLE	5	3	23805203	6267	רונית	וולפסון	נ	שבת	1969-04-15	054-7664647	ronitwoolf35@gmail.com	כן	מנחה	לא	עובד	פעיל
SAMPLE	6	4	39598396	6454	עדי	לוי	נ	שבת	1984-06-13	054-6670304	adilevi13684@gmail.com	כן	מנחה	לא	עובד	פעיל
SAMPLE	7	5	27431162	8019	חגית (גיגי)	שמואלי	נ	שבת	1974-06-25	052-3374868	gigistei@gmail.com	כן	מנחה	לא	עובד	פעיל
SHEET	אגף כללי הקצאות	ROWS	15	COLS	14	HEADER_ROW	1	DATA_ROWS	14
HEADERS	מס"ד	ת.ז	קוד עובד	שם פרטי	שם משפחה	פרוייקט	תוכנית	מחוז	מגזר	היקף שעות העסקה חודשי	היקף שעות העסקה שנתי	היקף העסקה יומי עד  9 שעות/ ללא הגבלה	משך תפוקה	סיווג דיווח
SAMPLE	2	1	22000368	680	ברטה	סאלם	חינוך ילדים ונוער בסיכון	תוכניות האגף- כללי	צפון	יהודי	90	1080	עד 9 שעות	0.5, 1, 1.5, 2	ארצי מחוזי
SAMPLE	3	2	62646260	690	איל	גבאי	חינוך ילדים ונוער בסיכון	תוכניות האגף- כללי	ארצי	יהודי	33	396	עד 9 שעות	0.5, 1, 1.5, 2	ארצי מחוזי
SAMPLE	4	3	23805203	6267	רונית	וולפסון	חינוך ילדים ונוער בסיכון	תוכניות האגף- כללי	ארצי	יהודי	120	1440	עד 9 שעות	0.5, 1, 1.5, 2	ארצי מחוזי
SAMPLE	5	4	39598396	6454	עדי	לוי	חינוך ילדים ונוער בסיכון	תוכניות האגף- כללי	ארצי	יהודי	175	2100	עד 9 שעות	0.5, 1, 1.5, 2	ארצי מחוזי
SAMPLE	6	5	27431162	8019	חגית (גיגי)	שמואלי	חינוך ילדים ונוער בסיכון	תוכניות האגף- כללי	ארצי	יהודי	224	2688	ללא הגבלה	0.5, 1, 1.5, 2	ארצי מחוזי
SHEET	אגף כללי-ערכי טבלאות קוד	ROWS	471	COLS	12	HEADER_ROW	1	DATA_ROWS	470
HEADERS	יישוב	שם המסגרת חינוכית	תוכנית	תחום	נושא 1	נושא 2	קיום דיון	כיתה	מסגרת חינוכית	יישוב/מחוז/ארצי	שכבה	כיתה
SAMPLE	2			אור בגנים	רווחה וקהילה	אבחון מערכת שח"ר במסגרת החינוכית ואיתור מוקדי ההדרכה	אבחון מערכת שח"ר במסגרת החינוכית ואיתור מוקדי ההדרכה	דיון עם מנהל בית הספר	התאמת תוכנית כיתתית	התאמת התוכנית לבית הספר	תאום עם תוכניות קיימות	חובה	1
SAMPLE	3			אמ"ת	מניעת נשירה	אבחון מערכת שח"ר במסגרת היישובית ואיתור מוקדי ההדרכה	אבחון מערכת שח"ר במסגרת היישובית ואיתור מוקדי ההדרכה	דיון עם מרכז התוכנית	התאמת תוכנית חברתית	הכשרת/התאמת צוותי הוראה	התאמת צוותי היגוי למשימה	א	2
SAMPLE	4			במה לאומנויות	מוסדי	איסוף וניתוח נתונים לצורך שיפור תהליכי הוראה ולמידה	איסוף וניתוח נתונים לצורך שיפור תהליכי הוראה ולמידה	דיון עם  צוות ההוראה	התאמת תוכנית טיפולית	התאמת מערכת שעות לתוכנית	העצמת צוותי הוראה למשימה	ב	3
SAMPLE	5			חינוך טכנולוגי על תיכוני	מסגרות ייחודיות	איתור גורמים בית ספריים/יישובים בעלי מענה לצרכי התוכנית	איתור גורמים בית ספריים/יישובים בעלי מענה לצרכי התוכנית	דיון עם צוות ההדרכה	התאמת אוכלוסית היעד	ועדת קבלה לילדים	גיבוש צוותים רב מקצועיים	ג	4
SAMPLE	6			חסות הנוער	ביקור סדיר	איתור גורמים בית ספריים/יישובים בעלי מענה לצרכי כיתות שח"ר	איתור גורמים בית ספריים/יישובים בעלי מענה לצרכי כיתות שח"ר	דיון עם צוות היגוי	ניצול שעות נכון	הגדלת תקציב	הנחיית צוותים	ד	5
SHEET	מוסדות	ROWS	95	COLS	7	HEADER_ROW	1	DATA_ROWS	94
HEADERS	שם מוסד	סמל מוסד	שם הישוב	מחוז	מגזר	סוג חינוך	שלב חינוך
SAMPLE	2	רווחה וקהילה- הנחייה והטמעה מחוז צפון	1292	ארצי	צפון	כללי	אחר	אחר
SAMPLE	3	מועדוניות משפחתיות- הנחייה והטמעה מחוז צפון	1289	ארצי	צפון	כללי	אחר	אחר
SAMPLE	4	מרכזי חירום- הנחייה והטמעה מחוז צפון	1290	ארצי	צפון	כללי	אחר	אחר
SAMPLE	5	טיפול בפרט קבסים- הנחייה והטמעה מחוז צפון	1277	ארצי	צפון	כללי	אחר	אחר
SAMPLE	6	כיתות במרכזי חינוך ונוער- הנחייה והטמעה מחוז צפון	1278	ארצי	צפון	כללי	אחר	אחר
SHEET	מסגרות לכל  עובד	ROWS	348	COLS	11	HEADER_ROW	1	DATA_ROWS	347
HEADERS	מס	ת.ז	קוד עובד	שם פרטי	שם משפחה	סמל מוסד	שם הישוב	מסגרת חינוכית	מחוז	מגזר	שיבוץ עובד -שם התוכנית במערכת
SAMPLE	2	1	22000368	680	ברטה	סאלם	1292	ארצי	רווחה וקהילה- הנחייה והטמעה מחוז צפון	צפון	כללי	תוכניות האגף- כללי
SAMPLE	3	2	22000368	680	ברטה	סאלם	1289	ארצי	מועדוניות משפחתיות- הנחייה והטמעה מחוז צפון	צפון	כללי	תוכניות האגף- כללי
SAMPLE	4	3	22000368	680	ברטה	סאלם	1290	ארצי	מרכזי חירום- הנחייה והטמעה מחוז צפון	צפון	כללי	תוכניות האגף- כללי
SAMPLE	5	4	22000368	680	ברטה	סאלם	1277	ארצי	טיפול בפרט קבסים- הנחייה והטמעה מחוז צפון	צפון	כללי	תוכניות האגף- כללי
SAMPLE	6	5	22000368	680	ברטה	סאלם	1278	ארצי	כיתות במרכזי חינוך ונוער- הנחייה והטמעה מחוז צפון	צפון	כללי	תוכניות האגף- כללי
FILE	‏‏‏‏קובץ נתוני עובדים מערכת חדשה-  תוכנית ההזנה הלאומית.xlsx	BYTES	40203
SHEET	הזנה הלאומית	ROWS	4	COLS	24	HEADER_ROW	2	DATA_ROWS	2
HEADERS	מס"ד	ת.ז	קוד עובד	שם פרטי	שם משפחה	זכר/נקבה	יום מנוחה	תאריך לידה	טלפון	מייל	עובד מדווח כן / לא	תפקיד	אפשר דיווח עתידי כן / לא	הרשאות	סטטוס	פרוייקט	תוכנית	מחוז	מגזר	היקף שעות העסקה חודשי	היקף שעות העסקה שנתי	היקף העסקה יומי עד  9 שעות/ ללא הגבלה	משך תפוקה	סיווג דיווח
SAMPLE	3	1	31936321	9057	מיכל	בראל	נ	שבת	1974-10-14	0528-285080	barel@netvision.net.il	כן	מנחה	לא	עובד	פעיל	חינוך ילדים ונוער בסיכון	תוכנית ההזנה הלאומית	ארצי	יהודי	151	1812	עד 9 שעות	0.5, 1, 1.5, 2	ארצי מחוזי
SAMPLE	4	2	54076666	9074	יורם	אדלר	ז	שבת	1956-03-27	050-6282929	adler@ein-zurim.co.il	כן	מנחה	לא	עובד	פעיל	חינוך ילדים ונוער בסיכון	תוכנית ההזנה הלאומית	ארצי	יהודי	74	888	עד 9 שעות	0.5, 1, 1.5, 2	ארצי מחוזי
SHEET	הזנ לאומית- מאגר עובדים	ROWS	4	COLS	15	HEADER_ROW	2	DATA_ROWS	2
HEADERS	מס"ד	ת.ז	קוד עובד	שם פרטי	שם משפחה	זכר/נקבה	יום מנוחה	תאריך לידה	טלפון	מייל	עובד מדווח כן / לא	תפקיד	אפשר דיווח עתידי כן / לא	הרשאות	סטטוס
SAMPLE	3	1	31936321	9057	מיכל	בראל	נ	שבת	1974-10-14	0528-285080	barel@netvision.net.il	כן	מנחה	לא	עובד	פעיל
SAMPLE	4	2	54076666	9074	יורם	אדלר	ז	שבת	1956-03-27	050-6282929	adler@ein-zurim.co.il	כן	מנחה	לא	עובד	פעיל
SHEET	הזנה לאומית- הקצאות	ROWS	3	COLS	14	HEADER_ROW	1	DATA_ROWS	2
HEADERS	מס"ד	ת.ז	קוד עובד	שם פרטי	שם משפחה	פרוייקט	תוכנית	מחוז	מגזר	היקף שעות העסקה חודשי	היקף שעות העסקה שנתי	היקף העסקה יומי עד  9 שעות/ ללא הגבלה	משך תפוקה	סיווג דיווח
SAMPLE	2	1	31936321	9057	מיכל	בראל	חינוך ילדים ונוער בסיכון	תוכנית ההזנה הלאומית	ארצי	יהודי	151	1812	עד 9 שעות	0.5, 1, 1.5, 2	ארצי מחוזי
SAMPLE	3	2	54076666	9074	יורם	אדלר	חינוך ילדים ונוער בסיכון	תוכנית ההזנה הלאומית	ארצי	יהודי	74	888	עד 9 שעות	0.5, 1, 1.5, 2	ארצי מחוזי
SHEET	תוכנית הזנה לא- ערכי טבלאות קוד	ROWS	147	COLS	12	HEADER_ROW	1	DATA_ROWS	146
HEADERS	יישוב	שם המסגרת חינוכית	תוכנית	תחום	נושא 1	נושא 2	קיום דיון	כיתה	מסגרת חינוכית	יישוב/מחוז/ארצי	שכבה	כיתה
SAMPLE	2			תוכנית ההזנה הלאומית	רווחה וקהילה	אבחון מערכת שח"ר במסגרת היישובית ואיתור מוקדי ההדרכה	אבחון מערכת שח"ר במסגרת היישובית ואיתור מוקדי ההדרכה	דיון עם מנהל בית הספר	התאמת תוכנית כיתתית	התאמת התוכנית לבית הספר	תאום עם תוכניות קיימות	חובה	1
SAMPLE	3				מוסדי	איתור גורמים בית ספריים/יישובים בעלי מענה לצרכי התוכנית	איתור גורמים בית ספריים/יישובים בעלי מענה לצרכי התוכנית	דיון עם מרכז התוכנית	התאמת תוכנית חברתית	הכשרת/התאמת צוותי הוראה	התאמת צוותי היגוי למשימה	א	2
SAMPLE	4					איתור גורמים בית ספריים/יישובים בעלי מענה לצרכי כיתות שח"ר	איתור גורמים בית ספריים/יישובים בעלי מענה לצרכי כיתות שח"ר	דיון עם  צוות ההוראה	התאמת תוכנית טיפולית	התאמת מערכת שעות לתוכנית	העצמת צוותי הוראה למשימה	ב	3
SAMPLE	5					בניית תוכנית בשיתופי פעולה בין גורמים שונים	בניית תוכנית בשיתופי פעולה בין גורמים שונים	דיון עם צוות ההדרכה	התאמת אוכלוסית היעד	ועדת קבלה לילדים	גיבוש צוותים רב מקצועיים	ג	4
SAMPLE	6					בניית תוכנית הנחייה- הזנה יוח"א	בניית תוכנית הנחייה- הזנה יוח"א	דיון עם צוות היגוי	ניצול שעות נכון	הגדלת תקציב	הנחיית צוותים	ד	5
SHEET	מסגרות לכל העובדים	ROWS	588	COLS	7	HEADER_ROW	1	DATA_ROWS	11
HEADERS	שם מוסד	סמל מוסד	שם הישוב	מחוז	מגזר	סוג חינוך	שלב חינוך
SAMPLE	2	הנחייה והטמעה מחוזית תוכנית ההזנה הלאומית	1296	מחוזי	מחוזי	כללי	אחר	אחר
SAMPLE	3	הנחייה והטמעה ארצית תוכנית ההזנה הלאומית	1294	ארצי	ארצי	כללי	אחר	אחר
SAMPLE	4	הנחייה והטמעה ישובית תוכנית ההזנה הלאומית	1295	ארצי	ארצי	כללי	אחר	אחר
SAMPLE	5	הנחייה והטמעה מחוזית תוכנית ההזנה הלאומית- דרום	1297	דרום	דרום	כללי	אחר	אחר
SAMPLE	6	הנחייה והטמעה מחוזית תוכנית ההזנה הלאומית- צפון	1303	צפון	צפון	כללי	אחר	אחר
FILE	‏‏קובץ נתוני עובדים מערכת חדשה- חנוך לנער מנחים.xlsx	BYTES	73701
SHEET	חנוך לנער	ROWS	130	COLS	23	HEADER_ROW	2	DATA_ROWS	128
HEADERS	מס"ד	ת.ז	קוד עובד	שם פרטי	שם משפחה	זכר / נקבה	יום מנוחה	תאריך לידה	טלפון	מייל	עובד מדווח כן / לא	תפקיד	אפשר דיווח עתידי כן / לא	הרשאות	סטטוס	פרוייקט	תוכנית	מחוז	מגזר	היקף שעות העסקה חודשי	היקף שעות העסקה שנתי	היקף העסקה יומי עד  9 שעות/ ללא הגבלה	משך תפוקה
SAMPLE	3	1	34700930	6440	אברהם יוסף	ניימן	זכר	שבת	1986-02-06	054-8444410	A0548444410@gmail.com	כן	עובד	לא	עובד	פעיל	חינוך ילדים ונוער בסיכון	חנוך לנער	חרדי	חרדי	80	960	עד 9 שעות	0.5, 1
SAMPLE	4	2	303063309	6448	יוסף	כהן פקשר	זכר	שבת	1989-07-23	054-8590456	OFFICE.CH.LA@gmail.com	כן	עובד	לא	עובד	פעיל	חינוך ילדים ונוער בסיכון	חנוך לנער	חרדי	חרדי	110	1320	עד 9 שעות	0.5, 1
SAMPLE	5	3	33083148	6449	יוסף שלמה	גרליץ	זכר	שבת	1976-07-13	053-3103002	A130776@gmail.com	כן	עובד	לא	עובד	פעיל	חינוך ילדים ונוער בסיכון	חנוך לנער	חרדי	חרדי	182	2184	עד 9 שעות	0.5, 1
SAMPLE	6	4	34380337	6450	ישראל מאיר	דרהין	זכר	שבת	1977-11-24	054-8422990	d0548422990@gmail.com	כן	עובד	לא	עובד	פעיל	חינוך ילדים ונוער בסיכון	חנוך לנער	חרדי	חרדי	80	960	עד 9 שעות	0.5, 1
SAMPLE	7	5	34556803	6460	שלמה	ריין	זכר	שבת	1977-11-23	054-2282165	shlomorh@gmail.com	כן	עובד	לא	עובד	פעיל	חינוך ילדים ונוער בסיכון	חנוך לנער	חרדי	חרדי	80	960	עד 9 שעות	0.5, 1
SHEET	חנוך לנער- מאגר עובדים 	ROWS	130	COLS	23	HEADER_ROW	2	DATA_ROWS	128
HEADERS	מס"ד	ת.ז	קוד עובד	שם פרטי	שם משפחה	זכר / נקבה	יום מנוחה	תאריך לידה	טלפון	מייל	עובד מדווח כן / לא	תפקיד	אפשר דיווח עתידי כן / לא	הרשאות	סטטוס	פרוייקט	תוכנית	מחוז	מגזר	היקף שעות העסקה חודשי	היקף שעות העסקה שנתי	היקף העסקה יומי עד  9 שעות/ ללא הגבלה	משך תפוקה
SAMPLE	3	1	34700930	6440	אברהם יוסף	ניימן	זכר	שבת	1986-02-06	054-8444410	A0548444410@gmail.com	כן	עובד	לא	עובד	פעיל	חינוך ילדים ונוער בסיכון	חנוך לנער	חרדי	חרדי	80	960	עד 9 שעות	0.5, 1
SAMPLE	4	2	303063309	6448	יוסף	כהן פקשר	זכר	שבת	1989-07-23	054-8590456	OFFICE.CH.LA@gmail.com	כן	עובד	לא	עובד	פעיל	חינוך ילדים ונוער בסיכון	חנוך לנער	חרדי	חרדי	110	1320	עד 9 שעות	0.5, 1
SAMPLE	5	3	33083148	6449	יוסף שלמה	גרליץ	זכר	שבת	1976-07-13	053-3103002	A130776@gmail.com	כן	עובד	לא	עובד	פעיל	חינוך ילדים ונוער בסיכון	חנוך לנער	חרדי	חרדי	182	2184	עד 9 שעות	0.5, 1
SAMPLE	6	4	34380337	6450	ישראל מאיר	דרהין	זכר	שבת	1977-11-24	054-8422990	d0548422990@gmail.com	כן	עובד	לא	עובד	פעיל	חינוך ילדים ונוער בסיכון	חנוך לנער	חרדי	חרדי	80	960	עד 9 שעות	0.5, 1
SAMPLE	7	5	34556803	6460	שלמה	ריין	זכר	שבת	1977-11-23	054-2282165	shlomorh@gmail.com	כן	עובד	לא	עובד	פעיל	חינוך ילדים ונוער בסיכון	חנוך לנער	חרדי	חרדי	80	960	עד 9 שעות	0.5, 1
SHEET	חנוך לנער- הקצאות	ROWS	129	COLS	14	HEADER_ROW	1	DATA_ROWS	128
HEADERS	מס"ד	ת.ז	קוד עובד	שם פרטי	שם משפחה	פרוייקט	תוכנית	מחוז	מגזר	היקף שעות העסקה חודשי	היקף שעות העסקה שנתי	היקף העסקה יומי עד  9 שעות/ ללא הגבלה	משך תפוקה	סיווג דיווח
SAMPLE	2	1	34700930	6440	אברהם יוסף	ניימן	חינוך ילדים ונוער בסיכון	חנוך לנער	חרדי	יהודי	80	960	עד 9 שעות	0.5, 1	ארצי מחוזי
SAMPLE	3	2	303063309	6448	יוסף	כהן פקשר	חינוך ילדים ונוער בסיכון	חנוך לנער	חרדי	יהודי	110	1320	עד 9 שעות	0.5, 1	ארצי מחוזי
SAMPLE	4	3	33083148	6449	יוסף שלמה	גרליץ	חינוך ילדים ונוער בסיכון	חנוך לנער	חרדי	יהודי	182	2184	עד 9 שעות	0.5, 1	ארצי מחוזי
SAMPLE	5	4	34380337	6450	ישראל מאיר	דרהין	חינוך ילדים ונוער בסיכון	חנוך לנער	חרדי	יהודי	80	960	עד 9 שעות	0.5, 1	ארצי מחוזי
SAMPLE	6	5	34556803	6460	שלמה	ריין	חינוך ילדים ונוער בסיכון	חנוך לנער	חרדי	יהודי	80	960	עד 9 שעות	0.5, 1	ארצי מחוזי
SHEET	חנוך לנער-ערכי קוד	ROWS	100	COLS	12	HEADER_ROW	1	DATA_ROWS	96
HEADERS	יישוב	שם המסגרת חינוכית	תוכנית	תחום	נושא 1	נושא 2	קיום דיון	כיתה	מסגרת חינוכית	יישוב/מחוז/ארצי	שכבה	כיתה
SAMPLE	2			חנוך לנער	מניעת נשירה	בניית תוכנית הערכה ובקרה להישגי תלמידים	בניית תוכנית הערכה ובקרה להישגי תלמידים	דיון עם מנהל בית הספר- ראש הישיבה	התאמת תוכנית כיתתית	התאמת התוכנית לבית הספר	תאום עם תוכניות קיימות	חובה	1
SAMPLE	3					בנית תוכנית הנחייה	בנית תוכנית הנחייה	דיון עם רכז התוכנית בישיבה	התאמת תוכנית חברתית	הכשרת/התאמת צוותי הוראה	התאמת צוותי היגוי למשימה	א	2
SAMPLE	4					בנית תוכנית עבודה מותאמת להישגי תלמידים	בנית תוכנית עבודה מותאמת להישגי תלמידים	דיון עם  צוות ההוראה	התאמת תוכנית טיפולית	התאמת מערכת שעות לתוכנית	העצמת צוותי הוראה למשימה	ב	3
SAMPLE	5					הדרכה בפדגוגיה טיפולית	הדרכה בפדגוגיה טיפולית	דיון עם צוות ההדרכה	התאמת אוכלוסית היעד	ועדת קבלה לילדים	גיבוש צוותים רב מקצועיים	ג	4
SAMPLE	6					הכוונה וייעוץ בנושאי הכשרה והשתלמויות	הכוונה וייעוץ בנושאי הכשרה והשתלמויות	דיון עם צוות היגוי	ניצול שעות נכון	הגדלת תקציב	הנחיית צוותים	ד	5
SHEET	מוסדות	ROWS	197	COLS	7	HEADER_ROW	1	DATA_ROWS	196
HEADERS	שם מוסד	סמל מוסד	שם הישוב	מחוז	מגזר	סוג חינוך	שלב חינוך
SAMPLE	2	יוסף לקח אופקים	640714	אופקים	חרדי	יהודי	רגיל	חט"ב
SAMPLE	3	משכן התלמוד	660050	אופקים	חרדי	יהודי	רגיל	חט"ב
SAMPLE	4	ישיבת תפארת לוי גני איילון	662866	אחיסמך	חרדי	יהודי	רגיל	חט"ב
SAMPLE	5	ישיבת אהל יעקב (משכן אהרן)	338673	אלעד	חרדי	יהודי	רגיל	חט"ב
SAMPLE	6	ישיבת צמח צדיק ויז'ניץ	442095	אלעד	חרדי	יהודי	רגיל	חט"ב
FILE	קובץ נתוני עובדים מערכת חדשה- כנפי רוח.xlsx	BYTES	49206
SHEET	כנפי רוח	ROWS	35	COLS	23	HEADER_ROW	2	DATA_ROWS	33
HEADERS	מס"ד	ת.ז	קוד עובד	שם פרטי	שם משפחה	זכר/נקבה	יום מנוחה	תאריך לידה	טלפון	מייל	עובד מדווח כן / לא	תפקיד	אפשר דיווח עתידי כן / לא	הרשאות	סטטוס	פרוייקט	תוכנית	מחוז	מגזר	היקף שעות העסקה חודשי	היקף שעות העסקה שנתי	היקף העסקה יומי עד  9 שעות/ ללא הגבלה	משך תפוקה
SAMPLE	3	1	308935634	6395	עומר	סאקס	ז	שבת	1984-04-29	054-3113128	karnashsite@gmail.com	כן	עובד	לא	עובד	פעיל	חינוך ילדים ונוער בסיכון	כנפי רוח	ארצי	יהודי	88	1056	עד 9 שעות	0.5, 1, 1.5, 2
SAMPLE	4	2	25197377	6777	ישראל אריה	טבסקי	ז	שבת	1973-01-01	052-7966599	eccnfi@gmail.com	כן	עובד	לא	עובד	פעיל	חינוך ילדים ונוער בסיכון	כנפי רוח	ארצי	יהודי	88	1056	עד 9 שעות	0.5, 1, 1.5, 2
SAMPLE	5	3	204672927	6867	טליה	יגר	נ	שבת	1993-05-13	052-7203559	7203559@gmail.com	כן	עובד	לא	עובד	פעיל	חינוך ילדים ונוער בסיכון	כנפי רוח	ארצי	יהודי	88	1056	עד 9 שעות	0.5, 1, 1.5, 2
SAMPLE	6	4	65910820	7584	שרה	טופול פרידברג	נ	שבת	1983-12-01	052-3003108	sarafridberg0@gmail.com	כן	עובד	לא	עובד	פעיל	חינוך ילדים ונוער בסיכון	כנפי רוח	ארצי	יהודי	180	2160	עד 9 שעות	0.5, 1, 1.5, 2
SAMPLE	7	5	204043129	7800	יצחק דוד	גבאי	ז	שבת	1991-10-01	054-7678845	davidgabay45@gmail.com	כן	עובד	לא	עובד	פעיל	חינוך ילדים ונוער בסיכון	כנפי רוח	ארצי	יהודי	88	1056	עד 9 שעות	0.5, 1, 1.5, 2
SHEET	כנפי רוח - מאגר עובדים	ROWS	35	COLS	15	HEADER_ROW	2	DATA_ROWS	33
HEADERS	מס"ד	ת.ז	קוד עובד	שם פרטי	שם משפחה	זכר/נקבה	יום מנוחה	תאריך לידה	טלפון	מייל	עובד מדווח כן / לא	תפקיד	אפשר דיווח עתידי כן / לא	הרשאות	סטטוס
SAMPLE	3	1	308935634	6395	עומר	סאקס	ז	שבת	1984-04-29	054-3113128	karnashsite@gmail.com	כן	עובד	לא	עובד	פעיל
SAMPLE	4	2	25197377	6777	ישראל אריה	טבסקי	ז	שבת	1973-01-01	052-7966599	eccnfi@gmail.com	כן	עובד	לא	עובד	פעיל
SAMPLE	5	3	204672927	6867	טליה	יגר	נ	שבת	1993-05-13	052-7203559	7203559@gmail.com	כן	עובד	לא	עובד	פעיל
SAMPLE	6	4	65910820	7584	שרה	טופול פרידברג	נ	שבת	1983-12-01	052-3003108	sarafridberg0@gmail.com	כן	עובד	לא	עובד	פעיל
SAMPLE	7	5	204043129	7800	יצחק דוד	גבאי	ז	שבת	1991-10-01	054-7678845	davidgabay45@gmail.com	כן	עובד	לא	עובד	פעיל
SHEET	כנפי רוח - הקצאות	ROWS	51	COLS	14	HEADER_ROW	1	DATA_ROWS	50
HEADERS	מס"ד	ת.ז	קוד עובד	שם פרטי	שם משפחה	פרוייקט	תוכנית	מחוז	מגזר	היקף שעות העסקה חודשי	היקף שעות העסקה שנתי	היקף העסקה יומי עד  9 שעות/ ללא הגבלה	משך תפוקה	סיווג דיווח
SAMPLE	2	1	308935634	6395	עומר	סאקס	חינוך ילדים ונוער בסיכון	כנפי רוח	ארצי	יהודי	88	1056	עד 9 שעות	0.5, 1, 1.5, 2	יישובי מוסדי
SAMPLE	3	2	25197377	6777	ישראל אריה	טבסקי	חינוך ילדים ונוער בסיכון	כנפי רוח	ארצי	יהודי	88	1056	עד 9 שעות	0.5, 1, 1.5, 2	יישובי מוסדי
SAMPLE	4	3	204672927	6867	טליה	יגר	חינוך ילדים ונוער בסיכון	כנפי רוח	ארצי	יהודי	88	1056	עד 9 שעות	0.5, 1, 1.5, 2	יישובי מוסדי
SAMPLE	5	4	65910820	7584	שרה	טופול פרידברג	חינוך ילדים ונוער בסיכון	כנפי רוח	ארצי	יהודי	180	2160	עד 9 שעות	0.5, 1, 1.5, 2	יישובי מוסדי
SAMPLE	6	5	204043129	7800	יצחק דוד	גבאי	חינוך ילדים ונוער בסיכון	כנפי רוח	ארצי	יהודי	88	1056	עד 9 שעות	0.5, 1, 1.5, 2	יישובי מוסדי
SHEET	כנפי רוח - ערכי טבלאות קוד	ROWS	157	COLS	12	HEADER_ROW	1	DATA_ROWS	156
HEADERS	יישוב	שם המסגרת חינוכית	תוכנית	תחום	נושא 1	נושא 2	קיום דיון	כיתה	מסגרת חינוכית	יישוב/מחוז/ארצי	שכבה	כיתה
SAMPLE	2			כנפי רוח	מניעת נשירה	אבחון מערכת שח"ר במסגרת החינוכית ואיתור מוקדי ההדרכה	אבחון מערכת שח"ר במסגרת החינוכית ואיתור מוקדי ההדרכה	דיון עם מנהל בית הספר	התאמת תוכנית כיתתית	התאמת התוכנית לבית הספר	תאום עם תוכניות קיימות	חובה	1
SAMPLE	3					אבחון מערכת שח"ר במסגרת היישובית ואיתור מוקדי ההדרכה	אבחון מערכת שח"ר במסגרת היישובית ואיתור מוקדי ההדרכה	דיון עם מרכז התוכנית	התאמת תוכנית חברתית	הכשרת/התאמת צוותי הוראה	התאמת צוותי היגוי למשימה	א	2
SAMPLE	4					איתור גורמים בית ספריים/יישובים בעלי מענה לצרכי כיתות שח"ר	איתור גורמים בית ספריים/יישובים בעלי מענה לצרכי כיתות שח"ר	דיון עם  צוות ההוראה	התאמת תוכנית טיפולית	התאמת מערכת שעות לתוכנית	העצמת צוותי הוראה למשימה	ב	3
SAMPLE	5					בניית תוכנית הנחייה- העצמה ופיתוח אישי	בניית תוכנית הנחייה- העצמה ופיתוח אישי	דיון עם צוות ההדרכה	התאמת אוכלוסית היעד	ועדת קבלה לילדים	גיבוש צוותים רב מקצועיים	ג	4
SAMPLE	6					בניית תוכנית הנחייה- מיומנויות למידה	בניית תוכנית הנחייה- מיומנויות למידה	דיון עם צוות היגוי	ניצול שעות נכון	הגדלת תקציב	הנחיית צוותים	ד	5
SHEET	מסגרות לכל העובדים	ROWS	106	COLS	7	HEADER_ROW	1	DATA_ROWS	105
HEADERS	שם מוסד	סמל מוסד	שם הישוב	מחוז	מגזר	סוג חינוך	שלב חינוך
SAMPLE	2	אולפנת צביה רבבה	441980	רבבה	מרכז	יהודי	רגיל	חט"ע
SAMPLE	3	אולפנת מעלה לבונה	142166	מעלה לבונה	ירושלים	יהודי	רגיל	חט"ע
SAMPLE	4	אולפנת בקעת הירדן	713743	חמרה	התיישבותי	יהודי	רגיל	חט"ע
SAMPLE	5	אולפנת תפארת, מגדל העמק	742163	מגדל העמק	צפון	יהודי	רגיל	חט"ע
SAMPLE	6	אולפנת רעיה	144337	בית אל	ירושלים	יהודי	רגיל	חט"ע
FILE	‏‏קובץ נתוני עובדים מערכת חדשה- מזרח ירושלים.xlsx	BYTES	40903
SHEET	מזרח ירושלים	ROWS	8	COLS	24	HEADER_ROW	2	DATA_ROWS	6
HEADERS	מס"ד	ת.ז	קוד עובד	שם פרטי	שם משפחה	זכר/נקבה	יום מנוחה	תאריך לידה	טלפון	מייל	עובד מדווח כן / לא	תפקיד	אפשר דיווח עתידי כן / לא	הרשאות	סטטוס	פרוייקט	תוכנית	מחוז	מגזר	היקף שעות העסקה חודשי	היקף שעות העסקה שנתי	היקף העסקה יומי עד  9 שעות/ ללא הגבלה	משך תפוקה	סיווג דיווח
SAMPLE	3	1	206461345	9246	בכר	אנצארי	ז	ראשון	1999-08-14	054-8879376	bakeransari44@gmail.com	כן	מנחה	לא	עובד	פעיל	חינוך ילדים ונוער בסיכון	תוכנית מזרח ירושלים	ירושלים	ערבי	88	1056	עד 9 שעות	0.5, 1, 1.5, 2, 2.5	ארצי מחוזי
SAMPLE	4	2	316102797	9320	אסיל	מווקת	נ	שישי	1996-04-14	054-3885444	Asil.moaqet@gmail.com	כן	מנחה	לא	עובד	פעיל	חינוך ילדים ונוער בסיכון	תוכנית מזרח ירושלים	ירושלים	ערבי	88	1056	עד 9 שעות	0.5, 1, 1.5, 2, 2.5	ארצי מחוזי
SAMPLE	5	3	212464556	9321	סאברין	חג חליל	נ	שישי	2001-08-05	053-2847989	Sabreen.hajkhaleel@mail.huji.ac.il	כן	מנחה	לא	עובד	פעיל	חינוך ילדים ונוער בסיכון	תוכנית מזרח ירושלים	ירושלים	ערבי	88	1056	עד 9 שעות	0.5, 1, 1.5, 2, 2.5	ארצי מחוזי
SAMPLE	6	4	34679894	9322	עביר	אבו טאעה	נ	שישי	1986-05-25	052-8187869	abeerabt5@gmail.com	כן	מנחה	לא	עובד	פעיל	חינוך ילדים ונוער בסיכון	תוכנית מזרח ירושלים	ירושלים	ערבי	44	528	עד 9 שעות	0.5, 1, 1.5, 2, 2.5	ארצי מחוזי
SAMPLE	7	5	314902891	9323	יונס	סביח	ז	שישי	2000-01-29	053-2351864	younissbaih@gmail.com	כן	מנחה	לא	עובד	פעיל	חינוך ילדים ונוער בסיכון	תוכנית מזרח ירושלים	ירושלים	ערבי	88	1056	עד 9 שעות	0.5, 1, 1.5, 2, 2.5	ארצי מחוזי
SHEET	מזרח ירושלים - מאגר עובדים	ROWS	8	COLS	15	HEADER_ROW	2	DATA_ROWS	6
HEADERS	מס"ד	ת.ז	קוד עובד	שם פרטי	שם משפחה	זכר/נקבה	יום מנוחה	תאריך לידה	טלפון	מייל	עובד מדווח כן / לא	תפקיד	אפשר דיווח עתידי כן / לא	הרשאות	סטטוס
SAMPLE	3	1	206461345	9246	בכר	אנצארי	ז	ראשון	1999-08-14	054-8879376	bakeransari44@gmail.com	כן	מנחה	לא	עובד	פעיל
SAMPLE	4	2	316102797	9320	אסיל	מווקת	נ	שישי	1996-04-14	054-3885444	Asil.moaqet@gmail.com	כן	מנחה	לא	עובד	פעיל
SAMPLE	5	3	212464556	9321	סאברין	חג חליל	נ	שישי	2001-08-05	053-2847989	Sabreen.hajkhaleel@mail.huji.ac.il	כן	מנחה	לא	עובד	פעיל
SAMPLE	6	4	34679894	9322	עביר	אבו טאעה	נ	שישי	1986-05-25	052-8187869	abeerabt5@gmail.com	כן	מנחה	לא	עובד	פעיל
SAMPLE	7	5	314902891	9323	יונס	סביח	ז	שישי	2000-01-29	053-2351864	younissbaih@gmail.com	כן	מנחה	לא	עובד	פעיל
SHEET	מזרח ירושלים- הקצאות	ROWS	7	COLS	14	HEADER_ROW	1	DATA_ROWS	6
HEADERS	מס"ד	ת.ז	קוד עובד	שם פרטי	שם משפחה	פרוייקט	תוכנית	מחוז	מגזר	היקף שעות העסקה חודשי	היקף שעות העסקה שנתי	היקף העסקה יומי עד  9 שעות/ ללא הגבלה	משך תפוקה	סיווג דיווח
SAMPLE	2	1	206461345	9246	בכר	אנצארי	חינוך ילדים ונוער בסיכון	תוכנית מזרח ירושלים	ירושלים	ערבי	88	1056	עד 9 שעות	0.5, 1, 1.5, 2, 2.5	ארצי מחוזי
SAMPLE	3	2	316102797	9320	אסיל	מווקת	חינוך ילדים ונוער בסיכון	תוכנית מזרח ירושלים	ירושלים	ערבי	88	1056	עד 9 שעות	0.5, 1, 1.5, 2, 2.5	ארצי מחוזי
SAMPLE	4	3	212464556	9321	סאברין	חג חליל	חינוך ילדים ונוער בסיכון	תוכנית מזרח ירושלים	ירושלים	ערבי	88	1056	עד 9 שעות	0.5, 1, 1.5, 2, 2.5	ארצי מחוזי
SAMPLE	5	4	34679894	9322	עביר	אבו טאעה	חינוך ילדים ונוער בסיכון	תוכנית מזרח ירושלים	ירושלים	ערבי	44	528	עד 9 שעות	0.5, 1, 1.5, 2, 2.5	ארצי מחוזי
SAMPLE	6	5	314902891	9323	יונס	סביח	חינוך ילדים ונוער בסיכון	תוכנית מזרח ירושלים	ירושלים	ערבי	88	1056	עד 9 שעות	0.5, 1, 1.5, 2, 2.5	ארצי מחוזי
SHEET	מזרח ירושלים- ערכי טבלאות קוד	ROWS	161	COLS	12	HEADER_ROW	1	DATA_ROWS	160
HEADERS	יישוב	שם המסגרת חינוכית	תוכנית	תחום	נושא 1	נושא 2	קיום דיון	כיתה	מסגרת חינוכית	יישוב/מחוז/ארצי	שכבה	כיתה
SAMPLE	2			מניעת נשירה-מזרח ירושלים	מניעת נשירה	אבחון מערכת שח"ר במסגרת החינוכית ואיתור מוקדי ההדרכה	אבחון מערכת שח"ר במסגרת החינוכית ואיתור מוקדי ההדרכה	דיון עם מנהל בית הספר	התאמת תוכנית כיתתית	התאמת התוכנית לבית הספר	תאום עם תוכניות קיימות	חובה	1
SAMPLE	3					אבחון מערכת שח"ר במסגרת היישובית ואיתור מוקדי ההדרכה	אבחון מערכת שח"ר במסגרת היישובית ואיתור מוקדי ההדרכה	דיון עם מרכז התוכנית	התאמת תוכנית חברתית	הכשרת/התאמת צוותי הוראה	התאמת צוותי היגוי למשימה	א	2
SAMPLE	4					איתור גורמים בית ספריים/יישובים בעלי מענה לצרכי כיתות שח"ר	איתור גורמים בית ספריים/יישובים בעלי מענה לצרכי כיתות שח"ר	דיון עם  צוות ההוראה	התאמת תוכנית טיפולית	התאמת מערכת שעות לתוכנית	העצמת צוותי הוראה למשימה	ב	3
SAMPLE	5					בניית תוכנית הנחייה- העצמה ופיתוח אישי	בניית תוכנית הנחייה- העצמה ופיתוח אישי	דיון עם צוות ההדרכה	התאמת אוכלוסית היעד	ועדת קבלה לילדים	גיבוש צוותים רב מקצועיים	ג	4
SAMPLE	6					בניית תוכנית הנחייה- מיומנויות למידה	בניית תוכנית הנחייה- מיומנויות למידה	דיון עם צוות היגוי	ניצול שעות נכון	הגדלת תקציב	הנחיית צוותים	ד	5
SHEET	מסגרות לכל העובדים	ROWS	11	COLS	7	HEADER_ROW	1	DATA_ROWS	10
HEADERS	שם מוסד	סמל מוסד	שם הישוב	מחוז	מגזר	סוג חינוך	שלב חינוך
SAMPLE	2	אלמותנבי	641407	ירושלים	ירושלים	ערבי	רגיל	חט"ב, חט"ע
SAMPLE	3	מקיף שועפאט בנים	148155	ירושלים	ירושלים	ערבי	רגיל	חט"ב, חט"ע
SAMPLE	4	אלקימה	650028	ירושלים	ירושלים	ערבי	רגיל	חט"ב, חט"ע
SAMPLE	5	מקיף אלטור בנים	148247	ירושלים	ירושלים	ערבי	רגיל	חט"ב, חט"ע
SAMPLE	6	תיכון עיסאוויה בנים	729871	ירושלים	ירושלים	ערבי	רגיל	חט"ב, חט"ע
FILE	‏‏קובץ נתוני עובדים מערכת חדשה- מרכזי יחד - מדווחים.xlsx	BYTES	42237
SHEET	מרכזי יחד	ROWS	28	COLS	23	HEADER_ROW	2	DATA_ROWS	26
HEADERS	מס"ד	ת.ז	קוד עובד	שם פרטי	שם משפחה	זכר / נקבה	יום מנוחה	תאריך לידה	טלפון	מייל	עובד מדווח כן / לא	תפקיד	אפשר דיווח עתידי כן / לא	הרשאות	סטטוס	פרוייקט	תוכנית	מחוז	מגזר	היקף שעות העסקה חודשי	היקף שעות העסקה שנתי	היקף העסקה יומי עד  9 שעות/ ללא הגבלה	משך תפוקה
SAMPLE	3	1	28617074	8752	משה	רוזן	ז	שבת	1971-04-02	050-2060012	moshe.rozen@gmail.com	כן	מנחה	לא	עובד	פעיל	חינוך ילדים ונוער בסיכון	מרכזי יחד	צפון	יהודי	202	2424	ללא הגבלה	0.5, 1, 1.5, 2
SAMPLE	4	2	35823814	8763	ורדית	דוזלר טנג'י	נ	שבת	1981-04-15	050-8930093	dvardit@gmail.com	כן	מנחה	לא	עובד	פעיל	חינוך ילדים ונוער בסיכון	מרכזי יחד	ארצי	יהודי	202	2424	ללא הגבלה	0.5, 1, 1.5, 2
SAMPLE	5	3	28078319	8768	דבורה	זהבי	נ	שבת	1970-10-27	054-3222469	dvorit3@gmail.com	כן	מנחה	לא	עובד	פעיל	חינוך ילדים ונוער בסיכון	מרכזי יחד	התישבותי	יהודי	182	2184	עד 9 שעות	0.5, 1, 1.5, 2
SAMPLE	6	4	58321936	8798	מזל	צרור	נ	שבת	1963-09-08	054-5684976	mazalzror@gmail.com	כן	מנחה	לא	עובד	פעיל	חינוך ילדים ונוער בסיכון	מרכזי יחד	התישבותי	יהודי	182	2184	עד 9 שעות	0.5, 1, 1.5, 2
SAMPLE	7	5	316120104	8806	אשד	צרור	נ	שבת	1996-07-13	052-3281005	eshed52@gmail.com	כן	מנחה	לא	עובד	פעיל	חינוך ילדים ונוער בסיכון	מרכזי יחד	צפון	יהודי	182	2184	עד 9 שעות	0.5, 1, 1.5, 2
SHEET	מרכזי יחד מאגר עובדים	ROWS	28	COLS	18	HEADER_ROW	2	DATA_ROWS	26
HEADERS	מס"ד	ת.ז	קוד עובד	שם פרטי	שם משפחה	זכר/נקבה	יום מנוחה	תאריך לידה	טלפון	מייל	עובד מדווח כן / לא	תפקיד	אפשר דיווח עתידי כן / לא	הרשאות	סטטוס			
SAMPLE	3	1	28617074	8752	משה	רוזן	זכר	שבת	1971-04-02	050-2060012	moshe.rozen@gmail.com	כן	עובד	לא	עובד	פעיל			צפון
SAMPLE	4	2	35823814	8763	ורדית	דוזלר טנג'י	נקבה	שבת	1981-04-15	050-8930093	dvardit@gmail.com	כן	עובד	לא	עובד	פעיל			ארצי
SAMPLE	5	3	28078319	8768	דבורה	זהבי	נקבה	שבת	1970-10-27	054-3222469	dvorit3@gmail.com	כן	עובד	לא	עובד	פעיל			התישבותי
SAMPLE	6	4	58321936	8798	מזל	צרור	נקבה	שבת	1963-09-08	054-5684976	mazalzror@gmail.com	כן	עובד	לא	עובד	פעיל			התישבותי
SAMPLE	7	5	316120104	8806	אשד	צרור	נקבה	שבת	1996-07-13	052-3281005	eshed52@gmail.com	כן	עובד	לא	עובד	פעיל			צפון
SHEET	מרכזי יחד הקצאות	ROWS	27	COLS	14	HEADER_ROW	1	DATA_ROWS	26
HEADERS	מס"ד	ת.ז	קוד עובד	שם פרטי	שם משפחה	פרוייקט	תוכנית	מחוז	מגזר	היקף שעות העסקה חודשי	היקף שעות העסקה שנתי	היקף העסקה יומי עד  9 שעות/ ללא הגבלה	משך תפוקה	סיווג דיווח
SAMPLE	2	1	28617074	8752	משה	רוזן	חינוך ילדים ונוער בסיכון	מרכזי יחד	צפון	יהודי	202	2424	ללא הגבלה	0.5, 1, 1.5, 2	ארצי מחוזי
SAMPLE	3	2	35823814	8763	ורדית	דוזלר טנג'י	חינוך ילדים ונוער בסיכון	מרכזי יחד	ארצי	יהודי	202	2424	ללא הגבלה	0.5, 1, 1.5, 2	ארצי מחוזי
SAMPLE	4	3	28078319	8768	דבורה	זהבי	חינוך ילדים ונוער בסיכון	מרכזי יחד	התישבותי	יהודי	182	2184	עד 9 שעות	0.5, 1, 1.5, 2	ארצי מחוזי
SAMPLE	5	4	58321936	8798	מזל	צרור	חינוך ילדים ונוער בסיכון	מרכזי יחד	התישבותי	יהודי	182	2184	עד 9 שעות	0.5, 1, 1.5, 2	ארצי מחוזי
SAMPLE	6	5	316120104	8806	אשד	צרור	חינוך ילדים ונוער בסיכון	מרכזי יחד	צפון	יהודי	182	2184	עד 9 שעות	0.5, 1, 1.5, 2	ארצי מחוזי
SHEET	מרכזי יחד הערכי קוד 	ROWS	170	COLS	19	HEADER_ROW	1	DATA_ROWS	169
HEADERS	מחוז	יישוב	שם המסגרת חינוכית	תוכנית	תחום	נושא 1	נושא 2	קיום דיון	כיתה	מסגרת חינוכית	יישוב/מחוז/ארצי	שכבה	כיתה						
SAMPLE	2				מרכז יחד -  נוער מפונה	מניעת נשירה	איתור גורמים בית ספריים/יישובים בעלי מענה לצרכי התוכנית	איתור גורמים בית ספריים/יישובים בעלי מענה לצרכי התוכנית	דיון עם מנהל בית הספר	התאמת תוכנית כיתתית	התאמת התוכנית לבית הספר	תאום עם תוכניות קיימות	חובה	1						
SAMPLE	3						בניית תוכנית הערכה ובקרה להישגי תלמידים	בניית תוכנית הערכה ובקרה להישגי תלמידים	דיון עם מרכז התוכנית	התאמת תוכנית חברתית	הכשרת/התאמת צוותי הוראה	התאמת צוותי היגוי למשימה	א	2						#N/A
SAMPLE	4						בניית תוכנית התערבות הכוללת גיוון והתאמת דרכי הוראה לצורכי התוכנית	בניית תוכנית התערבות הכוללת גיוון והתאמת דרכי הוראה לצורכי התוכנית	דיון עם  צוות ההוראה	התאמת תוכנית טיפולית	התאמת מערכת שעות לתוכנית	העצמת צוותי הוראה למשימה	ב	3						#N/A
SAMPLE	5						בנית פלטפורמה לשיתופי פעולה בין גורמים שונים	בנית פלטפורמה לשיתופי פעולה בין גורמים שונים	דיון עם צוות ההדרכה	התאמת אוכלוסית היעד	ועדת קבלה לילדים	גיבוש צוותים רב מקצועיים	ג	4						#N/A
SAMPLE	6						בניית תוכנית בשיתופי פעולה בין גורמים שונים	בניית תוכנית בשיתופי פעולה בין גורמים שונים	דיון עם צוות היגוי	ניצול שעות נכון	הגדלת תקציב	הנחיית צוותים	ד	5						#N/A
SHEET	מסגרות לכלל העובדים	ROWS	10	COLS	7	HEADER_ROW	1	DATA_ROWS	9
HEADERS	שם מוסד	סמל מוסד	שם הישוב	מחוז	מגזר	סוג חינוך	שלב חינוך
SAMPLE	2	נופי הבשור	660324	מגן	התיישבותי	יהודי	רגיל	חט"ב, חט"ע
SAMPLE	3	תיכון אזורי מגידו	260109	עין השופט	התיישבותי	יהודי	רגיל	חט"ב, חט"ע
SAMPLE	4	קיף אנה פרנק	280115	סאסא	התיישבותי	יהודי	רגיל	חט"ב, חט"ע
SAMPLE	5	קיף שער הנגב	660126	ניר עם	התיישבותי	יהודי	רגיל	חט"ב, חט"ע
SAMPLE	6	אורט דנציגר קרית שמונה	240010	קרית שמונה	צפון	יהודי	רגיל	חט"ב, חט"ע
FILE	‏‏קובץ נתוני עובדים מערכת חדשה- משיבים.xlsx	BYTES	56426
SHEET	משיבים	ROWS	102	COLS	23	HEADER_ROW	2	DATA_ROWS	100
HEADERS	מס"ד	ת.ז	קוד עובד	שם פרטי	שם משפחה	זכר / נקבה	יום מנוחה	תאריך לידה	טלפון	מייל	עובד מדווח כן / לא	תפקיד	אפשר דיווח עתידי כן / לא	הרשאות	סטטוס	פרוייקט	תוכנית	מחוז	מגזר	היקף שעות העסקה חודשי	היקף שעות העסקה שנתי	היקף העסקה יומי עד  9 שעות/ ללא הגבלה	משך תפוקה
SAMPLE	3	1	60866357	7143	שמעון יהודה	מרגליות	זכר	שבת	1982-09-11	052-7648389	m0527648389@gmail.com	כן	עובד	לא	עובד	פעיל	חינוך ילדים ונוער בסיכון	משיבים	חרדי	חרדי	44	528	עד 9 שעות	0.5, 1
SAMPLE	4	2	66263583	7628	שמואל	רוטנברג	זכר	שבת	1982-12-08	052-7653703	shufra1234@gmail.com	כן	עובד	לא	עובד	פעיל	חינוך ילדים ונוער בסיכון	משיבים	חרדי	חרדי	44	528	עד 9 שעות	0.5, 1
SAMPLE	5	3	43434125	8090	חיים	פנירי	זכר	שבת	1982-06-12	053-4111061	leapaniri@gmail.com	כן	עובד	לא	עובד	פעיל	חינוך ילדים ונוער בסיכון	משיבים	חרדי	חרדי	44	528	עד 9 שעות	0.5, 1
SAMPLE	6	4	200957009	8254	מנחם	רובינשטיין	זכר	שבת	1990-01-03	052-7168244	c7168245@gmail.com	כן	עובד	לא	עובד	פעיל	חינוך ילדים ונוער בסיכון	משיבים	חרדי	חרדי	44	528	עד 9 שעות	0.5, 1
SAMPLE	7	5	316289321	8534	יצחק	הרשטיין	זכר	שבת	1997-01-23	054-8593912	r0504102668@gmail.com	כן	עובד	לא	עובד	פעיל	חינוך ילדים ונוער בסיכון	משיבים	חרדי	חרדי	44	528	עד 9 שעות	0.5, 1
SHEET	משיבים מאגר עובדים	ROWS	102	COLS	15	HEADER_ROW	2	DATA_ROWS	100
HEADERS	מס"ד	ת.ז	קוד עובד	שם פרטי	שם משפחה	זכר / נקבה	יום מנוחה	תאריך לידה	טלפון	מייל	עובד מדווח כן / לא	תפקיד	אפשר דיווח עתידי כן / לא	הרשאות	סטטוס
SAMPLE	3	1	60866357	7143	שמעון יהודה	מרגליות	זכר	שבת	1982-09-11	052-7648389	m0527648389@gmail.com	כן	עובד	לא	עובד	פעיל
SAMPLE	4	2	66263583	7628	שמואל	רוטנברג	זכר	שבת	1982-12-08	052-7653703	shufra1234@gmail.com	כן	עובד	לא	עובד	פעיל
SAMPLE	5	3	43434125	8090	חיים	פנירי	זכר	שבת	1982-06-12	053-4111061	leapaniri@gmail.com	כן	עובד	לא	עובד	פעיל
SAMPLE	6	4	200957009	8254	מנחם	רובינשטיין	זכר	שבת	1990-01-03	052-7168244	c7168245@gmail.com	כן	עובד	לא	עובד	פעיל
SAMPLE	7	5	316289321	8534	יצחק	הרשטיין	זכר	שבת	1997-01-23	054-8593912	r0504102668@gmail.com	כן	עובד	לא	עובד	פעיל
SHEET	משיבים -הקצאות	ROWS	101	COLS	14	HEADER_ROW	1	DATA_ROWS	100
HEADERS	מס"ד	ת.ז	קוד עובד	שם פרטי	שם משפחה	פרוייקט	תוכנית	מחוז	מגזר	היקף שעות העסקה חודשי	היקף שעות העסקה שנתי	היקף העסקה יומי עד  9 שעות/ ללא הגבלה	משך תפוקה	סיווג דיווח
SAMPLE	2	1	60866357	7143	שמעון יהודה	מרגליות	חינוך ילדים ונוער בסיכון	משיבים	חרדי	חרדי	44	528	עד 9 שעות	0.5, 1	יישובי מוסדי
SAMPLE	3	2	66263583	7628	שמואל	רוטנברג	חינוך ילדים ונוער בסיכון	משיבים	חרדי	חרדי	44	528	עד 9 שעות	0.5, 1	יישובי מוסדי
SAMPLE	4	3	43434125	8090	חיים	פנירי	חינוך ילדים ונוער בסיכון	משיבים	חרדי	חרדי	44	528	עד 9 שעות	0.5, 1	יישובי מוסדי
SAMPLE	5	4	200957009	8254	מנחם	רובינשטיין	חינוך ילדים ונוער בסיכון	משיבים	חרדי	חרדי	44	528	עד 9 שעות	0.5, 1	יישובי מוסדי
SAMPLE	6	5	316289321	8534	יצחק	הרשטיין	חינוך ילדים ונוער בסיכון	משיבים	חרדי	חרדי	44	528	עד 9 שעות	0.5, 1	יישובי מוסדי
SHEET	משיבים-ערכי טבלאות קוד	ROWS	49	COLS	12	HEADER_ROW	1	DATA_ROWS	48
HEADERS	יישוב	שם המסגרת חינוכית	תוכנית	תחום	נושא 1	נושא 2	קיום דיון	כיתה	מסגרת חינוכית	יישוב/מחוז/ארצי	שכבה	כיתה
SAMPLE	2			משיבים	מניעת נשירה	בניית תוכנית הערכה ובקרה להישגי תלמידים	בניית תוכנית הערכה ובקרה להישגי תלמידים	דיון עם מנהל בית הספר- ראש הישיבה	התאמת תוכנית כיתתית	התאמת התוכנית לבית הספר	תאום עם תוכניות קיימות	חובה	1
SAMPLE	3					בנית תוכנית הנחייה- הוראת גמרא	בנית תוכנית הנחייה- הוראת גמרא	דיון עם רכז התוכנית בישיבה	התאמת תוכנית חברתית	הכשרת/התאמת צוותי הוראה	התאמת צוותי היגוי למשימה	א	2
SAMPLE	4					בנית תוכנית הנחייה- התבגרות וחוסן	בנית תוכנית הנחייה- התבגרות וחוסן	דיון עם  צוות ההוראה	התאמת תוכנית טיפולית	התאמת מערכת שעות לתוכנית	העצמת צוותי הוראה למשימה	ב	3
SAMPLE	5					בנית תוכנית הנחייה- זיהוי משברים מודל וכלים לטיפול	בנית תוכנית הנחייה- זיהוי משברים מודל וכלים לטיפול	דיון עם צוות ההדרכה	התאמת אוכלוסית היעד	ועדת קבלה לילדים	גיבוש צוותים רב מקצועיים	ג	4
SAMPLE	6					בנית תוכנית הנחייה- תקשורת אמון וגבולות	בנית תוכנית הנחייה- תקשורת אמון וגבולות	דיון עם צוות היגוי	ניצול שעות נכון	הגדלת תקציב	הנחיית צוותים	ד	5
SHEET	מוסדות 	ROWS	93	COLS	7	HEADER_ROW	1	DATA_ROWS	92
HEADERS	שם מוסד	סמל מוסד	שם הישוב	מחוז	מגזר	סוג חינוך	שלב חינוך
SAMPLE	2	כנסת יחזקאל	442087	אלעד	חרדי	חרדי-יהודי	רגיל	חט"ע
SAMPLE	3	באר אברהם	540708	אלעד	חרדי	חרדי-יהודי	רגיל	חט"ע
SAMPLE	4	שערי תבונה	715797	אלעד	חרדי	חרדי-יהודי	רגיל	חט"ע
SAMPLE	5	תורה בתפארתה	722132	אלעד	חרדי	חרדי-יהודי	רגיל	חט"ע
SAMPLE	6	תורת חיים	761379	אלעד	חרדי	חרדי-יהודי	רגיל	חט"ע
FILE	קובץ נתוני עובדים מערכת חדשה- שמיים.xlsx	BYTES	47051
SHEET	שמיים	ROWS	52	COLS	23	HEADER_ROW	2	DATA_ROWS	50
HEADERS	מס"ד	ת.ז	קוד עובד	שם פרטי	שם משפחה	מינקבה	יום מנוחה	תאריך לידה	טלפון	מייל	עובד מדווח כן / לא	תפקיד	אפשר דיווח עתידי כן / לא	הרשאות	סטטוס	פרוייקט	תוכנית	מחוז	מגזר	היקף שעות העסקה חודשי	היקף שעות העסקה שנתי	היקף העסקה יומי עד  9 שעות/ ללא הגבלה	משך תפוקה
SAMPLE	3	1	205992126	8628	נימר	נסאר	זכר	ראשון	1995-02-11	055-5531053	Nimernasar@gmail.com	כן	מנחה	לא	עובד	פעיל	חינוך ילדים ונוער בסיכון	שמיים	ארצי	ערבי	88	1056	עד 9 שעות	0.5, 1, 1.5, 2, 2.5
SAMPLE	4	2	318712783	8629	סאברין	מחאג'נה	נקבה	שישי	1998-02-05	050-4277002	sabreenegbaria@icloud.com	כן	מנחה	לא	עובד	פעיל	חינוך ילדים ונוער בסיכון	שמיים	ארצי	ערבי	88	1056	עד 9 שעות	0.5, 1, 1.5, 2, 2.5
SAMPLE	5	3	34805267	8630	סאמיה	גזאוי	נקבה	ראשון	1978-02-06	052-4665357	samiamd070@gmail.com	כן	מנחה	לא	עובד	פעיל	חינוך ילדים ונוער בסיכון	שמיים	ארצי	ערבי	88	1056	עד 9 שעות	0.5, 1, 1.5, 2, 2.5
SAMPLE	6	4	203476254	8631	סואר	יאסין	נקבה	שבת	1991-11-06	052-7217157	siwar.yassen.611@gmail.com	כן	מנחה	לא	עובד	פעיל	חינוך ילדים ונוער בסיכון	שמיים	ארצי	ערבי	88	1056	עד 9 שעות	0.5, 1, 1.5, 2, 2.5
SAMPLE	7	5	201173408	8632	ספאא	זידאן	נקבה	שישי	1989-05-21	053-6818279	zidansafaa3@gmail.com	כן	מנחה	לא	עובד	פעיל	חינוך ילדים ונוער בסיכון	שמיים	ארצי	ערבי	88	1056	עד 9 שעות	0.5, 1, 1.5, 2, 2.5
SHEET	שמים - מאגר עובדים	ROWS	52	COLS	15	HEADER_ROW	2	DATA_ROWS	50
HEADERS	מס"ד	ת.ז	קוד עובד	שם פרטי	שם משפחה	מינקבה	יום מנוחה	תאריך לידה	טלפון	מייל	עובד מדווח כן / לא	תפקיד	אפשר דיווח עתידי כן / לא	הרשאות	סטטוס
SAMPLE	3	1	205992126	8628	נימר	נסאר	זכר	ראשון	1995-02-11	055-5531053	Nimernasar@gmail.com	כן	מנחה	לא	עובד	פעיל
SAMPLE	4	2	318712783	8629	סאברין	מחאג'נה	נקבה	שישי	1998-02-05	050-4277002	sabreenegbaria@icloud.com	כן	מנחה	לא	עובד	פעיל
SAMPLE	5	3	34805267	8630	סאמיה	גזאוי	נקבה	ראשון	1978-02-06	052-4665357	samiamd070@gmail.com	כן	מנחה	לא	עובד	פעיל
SAMPLE	6	4	203476254	8631	סואר	יאסין	נקבה	שבת	1991-11-06	052-7217157	siwar.yassen.611@gmail.com	כן	מנחה	לא	עובד	פעיל
SAMPLE	7	5	201173408	8632	ספאא	זידאן	נקבה	שישי	1989-05-21	053-6818279	zidansafaa3@gmail.com	כן	מנחה	לא	עובד	פעיל
SHEET	שמים - הקצאות	ROWS	51	COLS	14	HEADER_ROW	1	DATA_ROWS	50
HEADERS	מס"ד	ת.ז	קוד עובד	שם פרטי	שם משפחה	פרוייקט	תוכנית	מחוז	מגזר	היקף שעות העסקה חודשי	היקף שעות העסקה שנתי	היקף העסקה יומי עד  9 שעות/ ללא הגבלה	משך תפוקה	סיווג דיווח
SAMPLE	2	1	205992126	8628	נימר	נסאר	חינוך ילדים ונוער בסיכון	שמיים	ארצי	ערבי	88	1056	עד 9 שעות	0.5, 1, 1.5, 2, 2.5	יישובי מוסדי
SAMPLE	3	2	318712783	8629	סאברין	מחאג'נה	חינוך ילדים ונוער בסיכון	שמיים	ארצי	ערבי	88	1056	עד 9 שעות	0.5, 1, 1.5, 2, 2.5	יישובי מוסדי
SAMPLE	4	3	34805267	8630	סאמיה	גזאוי	חינוך ילדים ונוער בסיכון	שמיים	ארצי	ערבי	88	1056	עד 9 שעות	0.5, 1, 1.5, 2, 2.5	יישובי מוסדי
SAMPLE	5	4	203476254	8631	סואר	יאסין	חינוך ילדים ונוער בסיכון	שמיים	ארצי	ערבי	88	1056	עד 9 שעות	0.5, 1, 1.5, 2, 2.5	יישובי מוסדי
SAMPLE	6	5	201173408	8632	ספאא	זידאן	חינוך ילדים ונוער בסיכון	שמיים	ארצי	ערבי	88	1056	עד 9 שעות	0.5, 1, 1.5, 2, 2.5	יישובי מוסדי
SHEET	שמים - ערכי טבלאות קוד	ROWS	159	COLS	12	HEADER_ROW	1	DATA_ROWS	158
HEADERS	יישוב	שם המסגרת חינוכית	תוכנית	תחום	נושא 1	נושא 2	קיום דיון	כיתה	מסגרת חינוכית	יישוב/מחוז/ארצי	שכבה	כיתה
SAMPLE	2			שמיים	מניעת נשירה	אבחון מערכת שח"ר במסגרת החינוכית ואיתור מוקדי ההדרכה	אבחון מערכת שח"ר במסגרת החינוכית ואיתור מוקדי ההדרכה	דיון עם מנהל בית הספר	התאמת תוכנית כיתתית	התאמת התוכנית לבית הספר	תאום עם תוכניות קיימות	חובה	1
SAMPLE	3					אבחון מערכת שח"ר במסגרת היישובית ואיתור מוקדי ההדרכה	אבחון מערכת שח"ר במסגרת היישובית ואיתור מוקדי ההדרכה	דיון עם מרכז התוכנית	התאמת תוכנית חברתית	הכשרת/התאמת צוותי הוראה	התאמת צוותי היגוי למשימה	א	2
SAMPLE	4					איתור גורמים בית ספריים/יישובים בעלי מענה לצרכי כיתות שח"ר	איתור גורמים בית ספריים/יישובים בעלי מענה לצרכי כיתות שח"ר	דיון עם  צוות ההוראה	התאמת תוכנית טיפולית	התאמת מערכת שעות לתוכנית	העצמת צוותי הוראה למשימה	ב	3
SAMPLE	5					בניית תוכנית הנחייה- העצמה ופיתוח אישי	בניית תוכנית הנחייה- העצמה ופיתוח אישי	דיון עם צוות ההדרכה	התאמת אוכלוסית היעד	ועדת קבלה לילדים	גיבוש צוותים רב מקצועיים	ג	4
SAMPLE	6					בניית תוכנית הנחייה- מיומנויות למידה	בניית תוכנית הנחייה- מיומנויות למידה	דיון עם צוות היגוי	ניצול שעות נכון	הגדלת תקציב	הנחיית צוותים	ד	5
SHEET	מאגר מסגרת חינוכית לכלל שמיים  	ROWS	57	COLS	7	HEADER_ROW	1	DATA_ROWS	56
HEADERS	שם מוסד	סמל מוסד	שם הישוב	מחוז	מגזר	סוג חינוך	שלב חינוך
SAMPLE	2	חורה	648337	אמקיף אלסאלם	דרום	בדואי	רגיל	חט"ב, חט"ע
SAMPLE	3	כסייפה	610006	אורט אלמותנבי כסייפה	דרום	בדואי	רגיל	חט"ב, חט"ע
SAMPLE	4	כסייפה	800037	אורט אבו רביעה כסייפה	דרום	בדואי	רגיל	חט"ב, חט"ע
SAMPLE	5	לקיה	648261	אקרא ע"ש עאמר צאנע	דרום	בדואי	רגיל	חט"ב, חט"ע
SAMPLE	6	נווה מדבר	660233	תיכון אורט אבו תלול	דרום	בדואי	רגיל	חט"ב, חט"ע
FILE	‏‏קובץ נתוני עובדים מערכת חדשה-ג'יסר אזרקא.xlsx	BYTES	35347
SHEET	ג'סר א-זרקא	ROWS	4	COLS	24	HEADER_ROW	2	DATA_ROWS	2
HEADERS	מס"ד	ת.ז	קוד עובד	שם פרטי	שם משפחה	זכר/נקבה	יום מנוחה	תאריך לידה	טלפון	מייל	עובד מדווח כן / לא	תפקיד	אפשר דיווח עתידי כן / לא	הרשאות	סטטוס	פרוייקט	תוכנית	מחוז	מגזר	היקף שעות העסקה חודשי	היקף שעות העסקה שנתי	היקף העסקה יומי עד  9 שעות/ ללא הגבלה	משך תפוקה	סיווג דיווח
SAMPLE	3	1	316251677	9361	אחמד	רשואן	ז	שישי	1995-06-11	054-7792920	rashwan2744@gmail.com	כן	מנחה	לא	עובד	פעיל	חינוך ילדים ונוער בסיכון	מניעת נשירה- ג'סר א-זרקא	חיפה	ערבי	182	2184	עד 9 שעות	0.5, 1, 1.5, 2, 2.5	ארצי מחוזי
SAMPLE	4	2	315054650	9363	חמדה	גרבאן	נ	שבת	2000-10-27	050-3402575	hamda.ammash0@gmail.com	כן	מנחה	לא	עובד	פעיל	חינוך ילדים ונוער בסיכון	מניעת נשירה- ג'סר א-זרקא	חיפה	ערבי	182	2184	עד 9 שעות	0.5, 1, 1.5, 2, 2.5	ארצי מחוזי
SHEET	 ג'סר א זרקה - מאגר עובדים	ROWS	4	COLS	15	HEADER_ROW	2	DATA_ROWS	2
HEADERS	מס"ד	ת.ז	קוד עובד	שם פרטי	שם משפחה	זכר/נקבה	יום מנוחה	תאריך לידה	טלפון	מייל	עובד מדווח כן / לא	תפקיד	אפשר דיווח עתידי כן / לא	הרשאות	סטטוס
SAMPLE	3	1	316251677	9361	אחמד	רשואן	ז	שישי	1995-06-11	054-7792920	rashwan2744@gmail.com	כן	מנחה	לא	עובד	פעיל
SAMPLE	4	2	315054650	9363	חמדה	גרבאן	נ	שבת	2000-10-27	050-3402575	hamda.ammash0@gmail.com	כן	מנחה	לא	עובד	פעיל
SHEET	ג'סר אזרקה- הקצאות	ROWS	3	COLS	14	HEADER_ROW	1	DATA_ROWS	2
HEADERS	מס"ד	ת.ז	קוד עובד	שם פרטי	שם משפחה	פרוייקט	תוכנית	מחוז	מגזר	היקף שעות העסקה חודשי	היקף שעות העסקה שנתי	היקף העסקה יומי עד  9 שעות/ ללא הגבלה	משך תפוקה	סיווג דיווח
SAMPLE	2	1	316251677	9361	אחמד	רשואן	חינוך ילדים ונוער בסיכון	מניעת נשירה- ג'סר א-זרקא	חיפה	ערבי	182	2184	עד 9 שעות	0.5, 1, 1.5, 2, 2.5	ארצי מחוזי
SAMPLE	3	2	315054650	9363	חמדה	גרבאן	חינוך ילדים ונוער בסיכון	מניעת נשירה- ג'סר א-זרקא	חיפה	ערבי	182	2184	עד 9 שעות	0.5, 1, 1.5, 2, 2.5	ארצי מחוזי
SHEET	ג'סר אזקרא ערכי טבלאות קוד	ROWS	162	COLS	12	HEADER_ROW	1	DATA_ROWS	161
HEADERS	יישוב	שם המסגרת חינוכית	תוכנית	תחום	נושא 1	נושא 2	קיום דיון	כיתה	מסגרת חינוכית	יישוב/מחוז/ארצי	שכבה	כיתה
SAMPLE	2			מניעת נשירה- ג'סר א-זרקא	מניעת נשירה	אבחון מערכת שח"ר במסגרת החינוכית ואיתור מוקדי ההדרכה	אבחון מערכת שח"ר במסגרת החינוכית ואיתור מוקדי ההדרכה	דיון עם מנהל בית הספר	התאמת תוכנית כיתתית	התאמת התוכנית לבית הספר	תאום עם תוכניות קיימות	חובה	1
SAMPLE	3					אבחון מערכת שח"ר במסגרת היישובית ואיתור מוקדי ההדרכה	אבחון מערכת שח"ר במסגרת היישובית ואיתור מוקדי ההדרכה	דיון עם מרכז התוכנית	התאמת תוכנית חברתית	הכשרת/התאמת צוותי הוראה	התאמת צוותי היגוי למשימה	א	2
SAMPLE	4					איתור גורמים בית ספריים/יישובים בעלי מענה לצרכי כיתות שח"ר	איתור גורמים בית ספריים/יישובים בעלי מענה לצרכי כיתות שח"ר	דיון עם  צוות ההוראה	התאמת תוכנית טיפולית	התאמת מערכת שעות לתוכנית	העצמת צוותי הוראה למשימה	ב	3
SAMPLE	5					בניית תוכנית הנחייה- העצמה ופיתוח אישי	בניית תוכנית הנחייה- העצמה ופיתוח אישי	דיון עם צוות ההדרכה	התאמת אוכלוסית היעד	ועדת קבלה לילדים	גיבוש צוותים רב מקצועיים	ג	4
SAMPLE	6					בניית תוכנית הנחייה- מיומנויות למידה	בניית תוכנית הנחייה- מיומנויות למידה	דיון עם צוות היגוי	ניצול שעות נכון	הגדלת תקציב	הנחיית צוותים	ד	5
SHEET	מסגרות לכל העובדים	ROWS	6	COLS	7	HEADER_ROW	1	DATA_ROWS	5
HEADERS	שם מוסד	סמל מוסד	שם הישוב	מחוז	מגזר	סוג חינוך	שלב חינוך
SAMPLE	2	עומר אבן אלחטאב	318519	ג'סר א-זרקא	חיפה	ערבי	רגיל	יסודי
SAMPLE	3	אלשאטאא	318097	ג'סר א-זרקא	חיפה	ערבי	רגיל	יסודי
SAMPLE	4	אלוואדי	317032	ג'סר א-זרקא	חיפה	ערבי	רגיל	יסודי
SAMPLE	5	אלקנדיל	353169	ג'סר א-זרקא	חיפה	ערבי	רגיל	יסודי
SAMPLE	6	הנחייה והטמעה מניעת נשירה ג'סר א-זרקא	1952	ג'סר א-זרקא	חיפה	ערבי	רגיל	יסודי
